主分类代码,分类名称,料号,品名,规格,单位名称,菲林编号,开料尺寸,印刷工艺,分色信息,落料直径,材料厚度,材料宽度,材料高度,边角料重量,库存单位重量,库存单位体积,重量单位,体积单位,存货分类,单位编码,是否生效,生效日期,失效日期
卷铁,卷铁,Y40-028-0003,卷铁,T4CA-0.28×802(W)?  2.8/2.8 R2 #,吨,,0,,,0,0,0,0,,0,0,吨,立方米,通用,W015,√,2021.07.01,9999.12.31
卷铁,卷铁,Y40-025-003,卷铁,T4CA-0.25×802(W)?2.8/2.8?R2 #,吨,,,,,0,0,0,0,,0,0,吨,立方米,通用,W015,√,2021.07.01,9999.12.31
502罐身涂印铁大料,502罐身涂印铁大料,T15-001-0338,800g伊利中老年配方奶粉-打样大料片,T4CA-0.21×802×889  2.8/2.8 R2（武钢）,张,A001338F,398.8×176.5,白瓷+光油,四色+两专色,0,0,0,0,,"1,320.00",0.00016822,克,立方米,销售,ZHANG,√,2026.07.02,9999.12.31
502罐身涂印铁大料,502罐身涂印铁大料,T15-001-0667,800g伊利欣活中老年奶粉-打样大料片,T4CA-0.21×802×889  2.8/2.8 R2（武钢）,张,A001667F,398.8×176.5,白墨+光油,四色+四专,0,0,0,0,,"1,320.00",0.00016822,克,立方米,销售,ZHANG,√,2026.07.02,9999.12.31
502罐身涂印铁大料,502罐身涂印铁大料,T15-003-0001,502#155素罐-澳优打样大料片,T4CA 0.23×802(W)×810 2.8/2.8 R2 #,张,,,,,0,0,0,0,,"1,320.00",0.00016822,克,立方米,销售,ZHANG,√,2026.07.02,9999.12.31
401罐身涂印铁大料,401罐身涂印铁大料,T14-003-0001,401#120素罐-澳优打样大料片,T4CA-0.23×943(W)×870 2.8/2.8 R2 #,张,,,,,0,0,0,0,,"1,320.00",0.00016822,克,立方米,销售,ZHANG,√,2026.07.02,9999.12.31
马口铁,马口铁,Y20-021-0002,马口铁,T4CA-0.21×802×889  2.8/2.8 R2（武钢）,张,,,,,,0.21,802,889,,"1,544.21",0.000196715,克,立方米,销售,ZHANG,√,2025.03.18,9999.12.30
502成品罐,502成品罐,C05-001-667,欣活伊利中老年奶粉铁听 800g（贴片易撕盖减薄罐身）,502×172,罐,A001667F,398.8×176.5,白墨,四色四专,0,0,0,0,1.5,116,0.003707407,克,立方米,销售,GUAN,√,2022.10.26,9999.12.31
马口铁,马口铁,Y20-023-265,马口铁,T4CA 0.23×802(W)×810?2.8/2.8?R2 #,张,,,,,0,0.23,802,810,,"1,172.89",0,克,立方米,销售,ZHANG,√,2021.11.01,9999.03.30
502成品罐,502成品罐,C05-001-0338,800g伊利中老年配方奶粉-打样,502×172,罐,A001338F,398.8×176.5,白瓷,4色+2专,0,0.21,802,889,1.5,134,0.003531429,克,立方米,销售,GUAN,√,2022.08.16,9999.12.31
502成品罐,502成品罐,C05-001-0667,800g伊利欣活中老年奶粉-打样,502×172,罐,A001667F,398.8×176.5,白墨,四色四专,0,0,0,0,1.5,116,0.003707407,克,立方米,销售,GUAN,√,2022.10.26,9999.12.31
502成品罐,502成品罐,X05-342-0002,卓赋502#包装(7层),胶托、胶盖板，单坑瓦楞隔板、单坑覆膜纸板、缠绕膜、每层70罐、7层,套,,398.8×181,,,0,0,0,0,,0,0,克,立方米,通用,SET,√,2019.12.03,9999.12.31
502成品罐,502成品罐,X05-342-001,湖南展辉502×165胶托盘包装,胶托、胶盖板、单坑瓦楞纸板、单坑覆膜纸板、PO袋、70罐、6层,套,,,,,0,0,0,0,,0,0,克,立方米,销售,SET,√,2021.04.01,9999.12.31
502罐身涂印铁大料,502罐身涂印铁大料,T15-700-0069,达能益生冕御力中老年奶粉罐800G大料片-打样,T4CA-0.25×802(W)×839 2.8/2.8 R2,张,A700064F,398.8×166.5,白墨,四色+专色,,0,0,802,,"1,320.52",0.00016822,克,立方米,销售,ZHANG,√,2023.07.24,9999.12.31
502成品罐,502成品罐,C05-003-0001,502#155素罐-澳优打样,502×155,罐,,398.8×158.5,,,0,0.23,158.5,398.8,1.64,144.8,0.003177778,克,立方米,销售,GUAN,√,2026.01.22,9999.12.31
401成品罐,401成品罐,C04-003-0001,401#120素罐-澳优打样,401×120,罐,,312.4×123.5,,,0,0.23,123.5,312.4,0.99,88.9,0.001906667,克,立方米,销售,GUAN,√,2023.05.11,9999.12.31
502打码易撕盖,502打码易撕盖,P25-342-0005,圣元卡迪夫 (双码40mm圆) +验证码+文字,502#-铁质-点胶-D型-环外光油内素铁-铝箔,pcs,,1,,,0,0,0,0,,0,0.000625,克,立方米,销售,pcs,√,2025.03.19,9999.12.30
502打码易撕盖,502打码易撕盖,P25-342-0004,圣元菁灿、圣元欧能达 (双码40mm圆) +验证码+文字,502#-铁质-点胶-D型-环外光油内素铁-铝箔,pcs,,1,,,0,0,0,0,,0,0.000625,克,立方米,销售,pcs,√,2025.03.19,9999.12.30
502拼版大料,502拼版大料,T95-342-0010,350g圣元欧能达拼版大料片,T4CA-0.25×802(W)×839 2.8/2.8 R2 #,张,,398.8×139,,,0,0.25,802,851,15.07,"1,320.52",0.000168,克,立方米,销售,ZHANG,√,2026.05.21,9999.12.31
502拼版大料,502拼版大料,T95-342-0009,350g圣元卡迪夫拼版大料片,T4CA-0.25×802(W)×839 2.8/2.8 R2 #,张,,398.8×139,,,0,0.25,802,851,15.07,"1,320.52",0.000168,克,立方米,销售,ZHANG,√,2026.05.21,9999.12.31
502拼版大料,502拼版大料,T95-342-0008,400g圣元菁灿拼版大料片,T4CA-0.25×802(W)×839 2.8/2.8 R2 #,张,,398.8×139,,,0,0.25,802,851,15.07,"1,320.52",0.000168,克,立方米,销售,ZHANG,√,2026.05.21,9999.12.31
502拼版大料,502拼版大料,T95-342-0007,700g圣元欧能达拼版大料片,T4CA-0.25×802(W)×851 2.8/2.8  R2,张,,398.8×169,,,0,0.25,802,851,16.740125,"1,339.41",0.000171,克,立方米,销售,ZHANG,√,2026.05.21,9999.12.31
502拼版大料,502拼版大料,T95-342-0004,700g圣元卡迪夫拼版大料片,T4CA-0.25×802(W)×851 2.8/2.8  R2,张,,398.8×169,,,0,0.25,802,851,16.740125,"1,339.41",0.000171,克,立方米,销售,ZHANG,√,2026.05.21,9999.12.31
502拼版大料,502拼版大料,T95-342-0003,800g圣元菁灿拼版大料片,T4CA-0.25×802(W)×851 2.8/2.8  R2,张,,398.8×169,,,0,0.25,802,851,16.740125,"1,339.41",0.000171,克,立方米,销售,ZHANG,√,2026.05.21,9999.12.31
502罐身涂印铁大料,502罐身涂印铁大料,T15-342-0133,350g圣元欧能达幼儿配方奶粉（12-36月龄，3段）大料,T4CA-0.25×802(W)×839 2.8/2.8  R2,张,A3420133F001,398.8×139,白墨+珠光油,四色+四专,0,0.25,802,839,15.07,"1,320.00",0.000171,克,立方米,销售,ZHANG,√,2026.05.21,9999.12.31
502半成品罐小料片,502半成品罐小料片,D15-342-0133,350g圣元欧能达幼儿配方奶粉（12-36月龄，3段）小料,502×135,片,A3420133F001,398.8×139,白墨+珠光油,四色+四专,0,0,0,0,,0,0.000012195,克,立方米,销售,PIAN,√,2026.05.22,9999.12.31
502成品罐,502成品罐,C05-342-0133,350g圣元欧能达幼儿配方奶粉（12-36月龄，3段）,502×135,罐,A3420133F,398.8×139,白墨+珠光油,四色+三专色,0,0.25,139,398.8,1.255934,"1,320.00",0.000171,克,立方米,销售,GUAN,√,2026.05.21,9999.12.31
502罐身涂印铁大料,502罐身涂印铁大料,T15-342-0132,350g圣元欧能达较大婴儿配方奶粉（6-12月龄，2段）大料,T4CA-0.25×802(W)×839 2.8/2.8  R2,张,A3420132F001,398.8×139,白墨+珠光油,四色+四专,0,0.25,802,839,15.07,"1,320.00",0.000171,克,立方米,销售,ZHANG,√,2026.05.21,9999.12.31
502半成品罐小料片,502半成品罐小料片,D15-342-0132,350g圣元欧能达较大婴儿配方奶粉（6-12月龄，2段）小料,502×135,片,A3420132F001,398.8×139,白墨+珠光油,四色+四专,0,0,0,0,,0,0.000012195,克,立方米,销售,PIAN,√,2026.05.22,9999.12.31
502成品罐,502成品罐,C05-342-0132,350g圣元欧能达较大婴儿配方奶粉（6-12月龄，2段）,502×135,罐,A3420132F,398.8×139,白墨+珠光油,四色+三专色,0,0.25,139,398.8,1.255934,"1,320.00",0.000171,克,立方米,销售,GUAN,√,2026.05.21,9999.12.31
502罐身涂印铁大料,502罐身涂印铁大料,T15-342-0131,350g圣元欧能达婴儿配方奶粉（0-6月龄，1段）大料,T4CA-0.25×802(W)×839 2.8/2.8  R2,张,A3420131F001,398.8×139,白墨+珠光油,四色+四专,0,0.25,802,839,15.07,"1,320.00",0.000171,克,立方米,销售,ZHANG,√,2026.05.21,9999.12.31
502半成品罐小料片,502半成品罐小料片,D15-342-0131,350g圣元欧能达婴儿配方奶粉（0-6月龄，1段）小料,502×135,片,A3420131F001,398.8×139,白墨+珠光油,四色+四专,0,0,0,0,,0,0.000012195,克,立方米,销售,PIAN,√,2026.05.22,9999.12.31
502成品罐,502成品罐,C05-342-0131,350g圣元欧能达婴儿配方奶粉（0-6月龄，1段）,502×135,罐,A3420131F,398.8×139,白墨+珠光油,四色+三专色,0,0.25,139,398.8,1.255934,"1,320.00",0.000171,克,立方米,销售,GUAN,√,2026.05.21,9999.12.31
502罐身涂印铁大料,502罐身涂印铁大料,T15-342-0130,350g圣元卡迪夫幼儿配方奶粉（12-36月龄，3段）大料,T4CA-0.25×802(W)×839 2.8/2.8  R2,张,A3420130F001,398.8×139,白墨+珠光油,四色+四专,0,0.25,802,839,15.07,"1,320.00",0.000171,克,立方米,销售,ZHANG,√,2026.05.21,9999.12.31
502半成品罐小料片,502半成品罐小料片,D15-342-0130,350g圣元卡迪夫幼儿配方奶粉（12-36月龄，3段）小料,502×135,片,A3420130F001,398.8×139,白墨+珠光油,四色+四专,0,0,0,0,,0,0.000012195,克,立方米,销售,PIAN,√,2026.05.22,9999.12.31
502成品罐,502成品罐,C05-342-0130,350g圣元卡迪夫幼儿配方奶粉（12-36月龄，3段）,502×135,罐,A3420130F,398.8×139,白墨+珠光油,四色+四专,0,0.25,139,398.8,1.255934,"1,320.00",0.000171,克,立方米,销售,GUAN,√,2026.05.21,9999.12.31
502罐身涂印铁大料,502罐身涂印铁大料,T15-342-0129,350g圣元卡迪夫较大婴儿配方奶粉（6-12月龄，2段）大料,T4CA-0.25×802(W)×839 2.8/2.8  R2,张,A3420129F001,398.8×139,白墨+珠光油,四色+四专,0,0.25,802,839,15.07,"1,320.00",0.000171,克,立方米,销售,ZHANG,√,2026.05.21,9999.12.31
502半成品罐小料片,502半成品罐小料片,D15-342-0129,350g圣元卡迪夫较大婴儿配方奶粉（6-12月龄，2段）小料,502×135,片,A3420129F001,398.8×139,白墨+珠光油,四色+四专,0,0,0,0,,0,0.000012195,克,立方米,销售,PIAN,√,2026.05.22,9999.12.31
502成品罐,502成品罐,C05-342-0129,350g圣元卡迪夫较大婴儿配方奶粉（6-12月龄，2段）,502×135,罐,A3420129F,398.8×139,白墨+珠光油,四色+四专,0,0.25,139,398.8,1.255934,"1,320.00",0.000171,克,立方米,销售,GUAN,√,2026.05.21,9999.12.31
502罐身涂印铁大料,502罐身涂印铁大料,T15-342-0128,350g圣元卡迪夫婴儿配方奶粉（0-6月龄，1段）大料,T4CA-0.25×802(W)×839 2.8/2.8  R2,张,A3420128F001,398.8×139,白墨+珠光油,四色+四专,0,0.25,802,839,15.07,"1,320.00",0.000171,克,立方米,销售,ZHANG,√,2026.05.21,9999.12.31
502半成品罐小料片,502半成品罐小料片,D15-342-0128,350g圣元卡迪夫婴儿配方奶粉（0-6月龄，1段）小料,502×135,片,A3420128F001,398.8×139,白墨+珠光油,四色+四专,0,0,0,0,,0,0.000012195,克,立方米,销售,PIAN,√,2026.05.22,9999.12.31
502成品罐,502成品罐,C05-342-0128,350g圣元卡迪夫婴儿配方奶粉（0-6月龄，1段）,502×135,罐,A3420128F,398.8×139,白墨+珠光油,四色+四专,0,0.25,139,398.8,1.255934,"1,320.00",0.000171,克,立方米,销售,GUAN,√,2026.05.21,9999.12.31
502罐身涂印铁大料,502罐身涂印铁大料,T15-342-0127,400g圣元菁灿幼儿配方奶粉（12-36月龄，3段）大料,T4CA-0.25×802(W)×839 2.8/2.8  R2,张,A3420127F001,398.8×139,白墨+珠光油,四色+四专,0,0.25,802,839,15.07,"1,320.00",0.000171,克,立方米,销售,ZHANG,√,2026.05.21,9999.12.31
502半成品罐小料片,502半成品罐小料片,D15-342-0127,400g圣元菁灿幼儿配方奶粉（12-36月龄，3段）小料,502×135,片,A3420127F001,398.8×139,白墨+珠光油,四色+四专,0,0,0,0,,0,0.000012195,克,立方米,销售,PIAN,√,2026.05.22,9999.12.31
502成品罐,502成品罐,C05-342-0127,400g圣元菁灿幼儿配方奶粉（12-36月龄，3段）,502×135,罐,A3420127F,398.8×139,白墨+珠光油,四色+六专,0,0.25,139,398.8,1.255934,"1,320.00",0.000171,克,立方米,销售,GUAN,√,2026.05.21,9999.12.31
502罐身涂印铁大料,502罐身涂印铁大料,T15-342-0126,400g圣元菁灿较大婴儿配方奶粉（6-12月龄，2段）大料,T4CA-0.25×802(W)×839 2.8/2.8  R2,张,A3420125F001,398.8×139,白墨+珠光油,四色+四专,0,0.25,802,839,15.07,"1,320.00",0.000171,克,立方米,销售,ZHANG,√,2026.05.21,9999.12.31
502半成品罐小料片,502半成品罐小料片,D15-342-0126,400g圣元菁灿较大婴儿配方奶粉（6-12月龄，2段）小料,502×135,片,A3420126F001,398.8×139,白墨+珠光油,四色+四专,0,0,0,0,,0,0.000012195,克,立方米,销售,PIAN,√,2026.05.22,9999.12.31
502成品罐,502成品罐,C05-342-0126,400g圣元菁灿较大婴儿配方奶粉（6-12月龄，2段）,502×135,罐,A3420126F,398.8×139,白墨+珠光油,四色+六专,0,0.25,139,398.8,1.255934,"1,320.00",0.000171,克,立方米,销售,GUAN,√,2026.05.21,9999.12.31
502罐身涂印铁大料,502罐身涂印铁大料,T15-342-0125,400g圣元菁灿婴儿配方奶粉（0-6月龄，1段）大料,T4CA-0.25×802(W)×839 2.8/2.8  R2,张,A3420125F001,398.8×139,白墨+珠光油,四色+四专,0,0.25,802,840,16.740125,"1,339.41",0.000171,克,立方米,销售,ZHANG,√,2026.05.21,9999.12.31
502成品罐,502成品罐,C05-342-0125,400g圣元菁灿婴儿配方奶粉（0-6月龄，1段）,502×135,罐,A3420125F,398.8×139,白墨+珠光油,四色+六专,0,0.25,139,398.8,1.387095,"1,339.41",0.000171,克,立方米,销售,GUAN,√,2026.05.21,9999.12.31
502半成品罐小料片,502半成品罐小料片,D15-342-0125,400g圣元菁灿婴儿配方奶粉（0-6月龄，1段）小料,502×135,片,A3420116F001,398.8×139,白墨+珠光油,四色+四专,0,0,0,0,,0,0.000012195,克,立方米,销售,PIAN,√,2026.05.22,9999.12.31
502成品罐,502成品罐,C05-700-0069,达能益生冕御力中老年奶粉罐800G-打样,502×162.5,罐,,398.8×180,,,0,0,0,0,18,130.31,0.002056619,克,立方米,销售,GUAN,√,2022.11.25,9999.12.31
502罐身涂印铁大料,502罐身涂印铁大料,T15-342-0123,700g圣元欧能达配方奶粉（6-12月龄，2段）大料,T4CA-0.25×802(W)×851 2.8/2.8  R2,张,A3420123F002,398.8×169,白墨+珠光油,四色+一专色,0,0.25,802,851,16.740125,"1,339.41",0.000171,克,立方米,销售,ZHANG,√,2026.05.21,9999.12.31
502半成品罐小料片,502半成品罐小料片,D15-342-0123,700g圣元欧能达配方奶粉（6-12月龄，2段）小料,502×165,片,A3420123F001,398.8×169,白墨+珠光油,四色+一专色,0,0,0,0,,0,0.000014827,克,立方米,销售,PIAN,√,2026.05.22,9999.12.31
502成品罐,502成品罐,C05-342-0123,700g圣元欧能达较大婴儿配方奶粉（6-12月龄，2段）,502×165,罐,A3420123F,398.8×169,白墨+珠光油,四色+三专色,0,0.25,169,398.8,1.674012,"1,339.41",0.000171,克,立方米,销售,GUAN,√,2026.05.21,9999.12.31
502罐身涂印铁大料,502罐身涂印铁大料,T15-342-0122,700g圣元欧能达配方奶粉（0-6月龄，1段）大料,T4CA-0.25×802(W)×851 2.8/2.8  R2,张,A3420122F002,398.8×169,白墨+珠光油,四色+一专色,0,0.25,802,851,16.740125,"1,339.41",0.000171,克,立方米,销售,ZHANG,√,2026.05.21,9999.12.31
502半成品罐小料片,502半成品罐小料片,D15-342-0122,700g圣元欧能达配方奶粉（0-6月龄，1段）小料,502×165,片,A3420122F001,398.8×169,白墨+珠光油,四色+一专色,0,0,0,0,,0,0.000014827,克,立方米,销售,PIAN,√,2026.05.22,9999.12.31
502成品罐,502成品罐,C05-342-0122,700g圣元欧能达婴儿配方奶粉（0-6月龄，1段）,502×165,罐,A3420122F,398.8×169,外彩印（色彩按菲林分色）+ 白墨,四色+三专色,0,0.25,169,398.8,1.674012,"1,339.41",0.000171,克,立方米,销售,GUAN,√,2026.05.21,9999.12.31
502罐身涂印铁大料,502罐身涂印铁大料,T15-342-0120,700g圣元卡迪夫较大婴儿配方奶粉（6-12月龄，2段）大料,T4CA-0.25×802(W)×851 2.8/2.8  R2,张,A3420120F002,398.8×169,白墨+珠光油,四色+二专色,0,0.25,802,851,16.740125,"1,339.41",0.000171,克,立方米,销售,ZHANG,√,2026.05.21,9999.12.31
502半成品罐小料片,502半成品罐小料片,D15-342-0120,700g圣元卡迪夫较大婴儿配方奶粉（6-12月龄，2段）小料,502×165,片,A3420120F001,398.8×169,白墨+珠光油,四色+二专色,0,0,0,0,,0,0.000014827,克,立方米,销售,PIAN,√,2026.05.22,9999.12.31
502成品罐,502成品罐,C05-342-0120,700g圣元卡迪夫较大婴儿配方奶粉（6-12月龄，2段）,502×165,罐,A3420120F,398.8×169,白墨+珠光油,四色+四专,0,0.25,169,398.8,1.674012,"1,339.41",0.000171,克,立方米,销售,GUAN,√,2026.05.21,9999.12.31
502罐身涂印铁大料,502罐身涂印铁大料,T15-342-0119,700g圣元卡迪夫婴儿配方奶粉（0-6月龄，1段）大料,T4CA-0.25×802(W)×851 2.8/2.8  R2,张,A3420119F002,398.8×169,白墨+珠光油,四色+二专色,0,0.25,802,851,16.740125,"1,339.41",0.000171,克,立方米,销售,ZHANG,√,2026.05.21,9999.12.31
502半成品罐小料片,502半成品罐小料片,D15-342-0119,700g圣元卡迪夫婴儿配方奶粉（0-6月龄，1段）小料,502×165,片,A3420119F001,398.8×169,白墨+珠光油,四色+二专色,0,0,0,0,,0,0.000014827,克,立方米,销售,PIAN,√,2026.05.22,9999.12.31
502成品罐,502成品罐,C05-342-0119,700g圣元卡迪夫婴儿配方奶粉（0-6月龄，1段）,502×165,罐,A3420119F,398.8×169,白墨+珠光油,四色+四专,0,0.25,169,398.8,1.674012,"1,339.41",0.000171,克,立方米,销售,GUAN,√,2026.05.21,9999.12.31
502罐身涂印铁大料,502罐身涂印铁大料,T15-342-0117,800g圣元菁灿较大婴儿配方奶粉（6-12月龄，2段）大料,T4CA-0.25×802(W)×851 2.8/2.8  R2,张,A3420117F002,398.8×169,白墨+珠光油,四色+四专,0,0.25,802,851,16.740125,"1,339.41",0.000171,克,立方米,销售,ZHANG,√,2026.05.21,9999.12.31
502半成品罐小料片,502半成品罐小料片,D15-342-0117,800g圣元菁灿较大婴儿配方奶粉（6-12月龄，2段）小料,502×165,片,A3420117F001,398.8×169,白墨+珠光油,四色+四专,0,0,0,0,,0,0.000014827,克,立方米,销售,PIAN,√,2026.05.22,9999.12.31
502成品罐,502成品罐,C05-342-0117,800g圣元菁灿较大婴儿配方奶粉（6-12月龄，2段）,502×165,罐,A3420117F,398.8×169,白墨+珠光油,四色+六专,0,0.25,169,398.8,1.674012,"1,339.41",0.000171,克,立方米,销售,GUAN,√,2026.05.21,9999.12.31
502罐身涂印铁大料,502罐身涂印铁大料,T15-342-0116,800g圣元菁灿婴儿配方奶粉（0-6月龄，1段）大料,T4CA-0.25×802(W)×851 2.8/2.8  R2,张,A3420116F002,398.8×169,白墨+珠光油,四色+四专,0,0.25,802,851,16.740125,"1,339.41",0.000171,克,立方米,销售,ZHANG,√,2026.05.21,9999.12.31
502半成品罐小料片,502半成品罐小料片,D15-342-0116,800g圣元菁灿婴儿配方奶粉（0-6月龄，1段）-小料,502×165,片,A3420116F001,398.8×169,白墨+珠光油,四色+四专,0,0,0,0,,0,0.000014827,克,立方米,销售,PIAN,√,2026.05.22,9999.12.31
502成品罐,502成品罐,C05-342-0116,800g圣元菁灿婴儿配方奶粉（0-6月龄，1段）,502×165,罐,A3420116F,398.8×169,白墨+珠光油,四色+六专,0,0.25,169,398.8,1.674012,"1,339.41",0.000171,克,立方米,销售,GUAN,√,2026.05.21,9999.12.31
502半成品罐小料片,502半成品罐小料片,D15-700-060,爱他美悠熠1段直罐（800g）小料片,502×176,片,A700060F,398.8×180,白墨,四色+三专,0,0,0,0,,0,0,克,立方米,销售,PIAN,√,2023.07.24,9999.12.31
502半成品罐小料片,502半成品罐小料片,D15-700-061,爱他美悠熠2段直罐（800g）小料片,502×176,片,A700061F,398.8×180,白墨,四色+三专,0,0,0,0,,0,0,克,立方米,销售,PIAN,√,2023.07.24,9999.12.31
502半成品罐小料片,502半成品罐小料片,D15-700-041,Aptamil Goat S2 800G （爱他美卓徉）小料片,502×176,片,A700041F,398.8×180,白墨,四色+专色,0,0,0,0,,0,0.000015792,克,立方米,销售,PIAN,√,2022.11.25,9999.12.31
502半成品罐小料片,502半成品罐小料片,D15-700-040,Aptamil Goat S1 800G （爱他美卓徉）小料片,502×176,片,A700040F,398.8×180,白墨,四色+专色,0,0,0,0,,0,0.000015792,克,立方米,销售,PIAN,√,2022.11.25,9999.12.31
502半成品罐小料片,502半成品罐小料片,D15-700-037,Aptamil Goat S3 800G （爱他美卓徉）小料片,502×176,片,A700037F,398.8×180,白墨,四色+专色,0,0,0,0,,0,0.000015792,克,立方米,销售,PIAN,√,2022.11.25,9999.12.31
502拼版大料,502拼版大料,T95-700-0006,Aptamil Goat 800G （爱他美卓徉）拼版大料片,T4CA-0.25×802(W)×906 2.8/2.8 R2,张,,398.8×180,白墨,四色+专色,0,0.25,906,802,,"1,426.00",0.000181653,克,立方米,销售,ZHANG,√,2026.06.01,9999.12.31
马口铁,马口铁,Y20-023-0391,马口铁,T4CA-0.23x943(W)x911 2.8/2.8 R2,张,,,,,0,0.23,943,911,,"1,255.42",0.000159927,克,立方米,通用,ZHANG,√,2023.08.01,9999.12.30
马口铁,马口铁,Y20-023-138,马口铁,T4CA-0.23×943(W)×904 2.8/2.8 R2,张,,,,,0,0.23,943,904,,"1,539.14",0,克,立方米,销售,ZHANG,√,2018.01.01,9999.12.31
502拼版大料,502拼版大料,T95-068-101,700克贝因美菁爱拼版大料片,T4CA-0.25×802(W)×851?2.8/2.8?R2,张,,398.8×169,,,0,0.25,851,802,16.74,"1,339.41",0.000170625,克,立方米,销售,ZHANG,√,2018.01.01,9999.12.31
502成品罐,502成品罐,X05-068-0004,贝因美165高6层包装,覆膜纸板、C33单坑瓦楞纸板、PO袋、缠绕膜、每层70罐、7层,套,,,,,0,0,0,0,,0,0,克,立方米,通用,SET,√,2026.05.27,9999.12.31
502底盖,502底盖,P35-000-108,单光印蓝筋点底-09#（印蓝φ75）,502,pcs,,,,,144.3,0,0,0,,0,0.00005,克,立方米,销售,pcs,√,2018.01.01,9999.12.31
502成品罐,502成品罐,C05-068-902,700克贝因美菁爱幼儿奶粉罐（B）-04,502×165,罐,A068902F,398.8×169,白墨/橘皮油,四色+专色,0,0,0,0,,150,0.003008571,克,立方米,销售,GUAN,√,2018.01.01,9999.12.31
502成品罐,502成品罐,C05-068-901,700克贝因美菁爱较大婴儿奶粉罐（B）-04,502×165,罐,A068901F,398.8×169,白墨/橘皮油,四色+专色,0,0,0,0,,150,0.003008571,克,立方米,销售,GUAN,√,2018.01.01,9999.12.31
502成品罐,502成品罐,C05-068-900,700克贝因美菁爱婴儿奶粉罐（B）-04,502×165,罐,A068900F,398.8×169,白墨/橘皮油,四色+专色,0,0,0,0,,150,0.003008571,克,立方米,销售,GUAN,√,2018.01.01,9999.12.31
502半成品罐小料片,502半成品罐小料片,D15-342-0124,700g圣元欧能达配方奶粉（12-36月龄，3段）小料,502×165,片,A3420124F001,398.8×169,白墨+珠光油,四色+一专色,0,0,0,0,,0,0.000014827,克,立方米,销售,PIAN,√,2026.05.22,9999.12.31
502半成品罐小料片,502半成品罐小料片,D15-342-0121,700g圣元卡迪夫配方奶粉（12-36月龄，3段）小料,502×165,片,A3420121F001,398.8×169,白墨+珠光油,四色+二专色,0,0,0,0,,0,0.000014827,克,立方米,销售,PIAN,√,2026.05.22,9999.12.31
502半成品罐小料片,502半成品罐小料片,D15-342-0118,800g圣元菁灿配方奶粉（12-36月龄，3段）小料,502×165,片,A3420118F001,398.8×169,白墨+珠光油,四色+四专,0,0,0,0,,0,0.000014827,克,立方米,销售,PIAN,√,2026.05.22,9999.12.31
502罐身涂印铁大料,502罐身涂印铁大料,T15-342-0124,700g圣元欧能达配方奶粉（12-36月龄，3段）大料,T4CA-0.25×802(W)×851 2.8/2.8  R2,张,A3420124F002,398.8×169,白墨+珠光油,四色+一专色,0,0.25,802,851,16.740125,"1,339.41",0.000171,克,立方米,销售,ZHANG,√,2026.05.21,9999.12.31
502罐身涂印铁大料,502罐身涂印铁大料,T15-342-0121,700g圣元卡迪夫配方奶粉（12-36月龄，3段）大料,T4CA-0.25×802(W)×851 2.8/2.8  R2,张,A3420121F002,398.8×169,白墨+珠光油,四色+二专色,0,0.25,802,851,16.740125,"1,339.41",0.000171,克,立方米,销售,ZHANG,√,2026.05.21,9999.12.31
502罐身涂印铁大料,502罐身涂印铁大料,T15-342-0118,800g圣元菁灿配方奶粉（12-36月龄，3段）大料,T4CA-0.25×802(W)×851 2.8/2.8  R2,张,A3420118F002,398.8×169,白墨+珠光油,四色+四专,0,0.25,802,851,16.740125,"1,339.41",0.000171,克,立方米,销售,ZHANG,√,2026.05.21,9999.12.31
502成品罐,502成品罐,C05-342-0118,800g圣元菁灿幼儿配方奶粉（12-36月龄，3段）,502×165,罐,A3420118F,398.8×169,白墨+珠光油,四色+六专,0,0.25,169,398.8,1.674012,"1,339.41",0.000171,克,立方米,销售,GUAN,√,2026.05.21,9999.12.31
502成品罐,502成品罐,C05-342-0124,700g圣元欧能达幼儿配方奶粉（12-36月龄，3段）,502×165,罐,A3420124F,398.8×169,白墨+珠光油,四色+三专色,0,0.25,169,398.8,1.674012,"1,339.41",0.000171,克,立方米,销售,GUAN,√,2026.05.21,9999.12.31
502成品罐,502成品罐,C05-342-0121,700g圣元卡迪夫幼儿配方奶粉（12-36月龄，3段）,502×165,罐,A3420121F,398.8×169,白墨+珠光油,四色+四专,0,0.25,169,398.8,1.674012,"1,339.41",0.000171,克,立方米,销售,GUAN,√,2026.05.21,9999.12.31
502罐身涂印铁大料,502罐身涂印铁大料,T95-700-0005,爱他美悠熠直罐（800g）拼板大料片,T4CA-0.25×802(W)×906 2.8/2.8 R2,张,,398.8×180,白墨,四色+三专色,0,0,0,0,,0,0.000181653,克,立方米,销售,ZHANG,√,2026.05.21,9999.12.31
502拼版大料,502拼版大料,T95-068-006,贝因美800菁爱拼版大料片,T4CA-0.25×802(W)×904 2.8/2.8 R2 #,张,,398.8*179.5,,,0,0.25,904,802,,"1,311.90",0.00016712,克,立方米,销售,ZHANG,√,2018.01.01,9999.12.31
马口铁,马口铁,Y20-025-109,马口铁,T4CA-0.25×802(W)×904 2.8/2.8 R2 #,张,,,,,0,0.25,802,904,,"1,422.83",0,克,立方米,销售,ZHANG,√,2022.05.01,9999.12.31
502罐身涂印铁大料,502罐身涂印铁大料,T15-068-1009,700克菁爱幼儿配方奶粉罐（新风格B1）-01大料铁,T4CA-0.25×802(W)×851 2.82.8 R2,张,A0681009F,398.8×169,白墨+橘皮油,四色+三专色,,0,0,802,15.17,"1,337.84",0.000170625,克,立方米,销售,ZHANG,√,2018.01.01,9999.12.31
502罐身涂印铁大料,502罐身涂印铁大料,T15-068-1008,700克菁爱较大婴儿配方奶粉罐（新风格B1）-01大料铁,T4CA-0.25×802(W)×851 2.82.8 R2,张,A0681008F,398.8×169,白墨+橘皮油,四色+三专色,,0,0,802,15.17,"1,337.84",0.000170625,克,立方米,销售,ZHANG,√,2018.01.01,9999.12.31
502罐身涂印铁大料,502罐身涂印铁大料,T15-068-1005,680克菁爱较大婴儿配方奶粉罐（新风格B1）-01大料铁,T4CA-0.25×802(W)×851 2.82.8 R2,张,A0681005F,398.8×169,白墨+珠光60%白,四色+三专色,0,0.25,851,802,15.17,"1,337.84",0.000170625,克,立方米,销售,ZHANG,√,2018.01.01,9999.12.31
502罐身涂印铁大料,502罐身涂印铁大料,T15-068-1006,680克菁爱幼儿配方奶粉罐（新风格B1）-01大料铁,T4CA-0.25×802(W)×851 2.82.8 R2,张,A0681006F,398.8×169,白墨+珠光60%白,四色+三专色,0,0.25,851,802,15.17,"1,337.84",0.000170625,克,立方米,销售,ZHANG,√,2018.01.01,9999.12.31
502罐身涂印铁大料,502罐身涂印铁大料,T15-068-1007,700克菁爱婴儿配方奶粉罐（新风格B1）-01大料铁,T4CA-0.25×802(W)×851 2.82.8 R2,张,A0681007F,398.8×169,白墨+橘皮油,四色+三专色,,0,0,802,15.17,"1,337.84",0.000170625,克,立方米,销售,ZHANG,√,2018.01.01,9999.12.31
502罐身涂印铁大料,502罐身涂印铁大料,T15-068-1001,820克菁爱婴儿配方奶粉罐（新风格B1）-02大料铁,T4CA-0.25×802（W）×904  2.8/2.8  R2,张,A0681001F,398.8×179.5,白墨+橘皮油,四色+三专色,0,0.25,904,802,17.98,"1,422.83",0.000167121,克,立方米,销售,ZHANG,√,2019.02.18,9999.12.31
502罐身涂印铁大料,502罐身涂印铁大料,T15-068-1002,820克菁爱较大婴儿配方奶粉罐（新风格B1）-02大料铁,T4CA-0.25×802（W）×904  2.8/2.8  R2,张,A0681002F,398.8×179.5,白墨+橘皮油,四色+三专色,0,0.25,904,802,17.98,"1,422.83",0.000167121,克,立方米,销售,ZHANG,√,2019.02.18,9999.12.31
502罐身涂印铁大料,502罐身涂印铁大料,T15-068-1003,820克菁爱幼儿配方奶粉罐（新风格B1）-02大料铁,T4CA-0.25×802（W）×904  2.8/2.8  R2,张,A0681003F,398.8×179.5,白墨+橘皮油,四色+三专色,,0,0,802,17.98,"1,422.83",0.000167121,克,立方米,销售,ZHANG,√,2019.02.18,9999.12.31
502罐身涂印铁大料,502罐身涂印铁大料,T15-068-1004,680克菁爱婴儿配方奶粉罐（新风格B1）-01大料铁,T4CA-0.25×802(W)×851 2.82.8 R2,张,A0681004F,398.8×169,白墨+珠光60%白,四色+三专色,0,0.25,851,802,15.17,"1,337.84",0.000170625,克,立方米,销售,ZHANG,√,2018.01.01,9999.12.31
502半成品罐小料片,502半成品罐小料片,D15-068-1006,680克菁爱幼儿配方奶粉罐（新风格B1）-01小料片,502×165,片,A0681006F,398.8×169,白墨+珠光60%白,四色+三专色,0,0,0,0,1.5,132.27,0.000014827,克,立方米,销售,PIAN,√,2018.01.01,9999.12.31
502半成品罐小料片,502半成品罐小料片,D15-068-1007,700克菁爱婴儿配方奶粉罐（新风格B1）-01小料片,502×165,片,A0681007F,398.8×169,白墨+橘皮油,四色+三专色,0,0,0,0,1.5,132.27,0.000014827,克,立方米,销售,PIAN,√,2018.01.01,9999.12.31
502半成品罐小料片,502半成品罐小料片,D15-068-1008,700克菁爱较大婴儿配方奶粉罐（新风格B1）-01小料片,502×165,片,A0681008F,398.8×169,白墨+橘皮油,四色+三专色,0,0,0,0,1.5,132.27,0.000014827,克,立方米,销售,PIAN,√,2018.01.01,9999.12.31
502半成品罐小料片,502半成品罐小料片,D15-068-1009,700克菁爱幼儿配方奶粉罐（新风格B1）-01小料片,502×165,片,A0681009F,398.8×169,白墨+橘皮油,四色+三专色,0,0,0,0,1.5,132.27,0.000014827,克,立方米,销售,PIAN,√,2018.01.01,9999.12.31
502半成品罐小料片,502半成品罐小料片,D15-068-1001,820克菁爱婴儿配方奶粉罐（新风格B1）-02小料片,398.8×175.5,片,A0681001F,398.8×179.5,白墨+橘皮油,四色+三专色,0,0,0,0,17.98,140.48,0.000015748,克,立方米,销售,PIAN,√,2019.02.18,9999.12.31
502半成品罐小料片,502半成品罐小料片,D15-068-1002,820克菁爱较大婴儿配方奶粉罐（新风格B1）-02小料片,398.8×175.5,片,A0681002F,398.8×179.5,白墨+橘皮油,四色+三专色,0,0,0,0,17.98,140.48,0.000015748,克,立方米,销售,PIAN,√,2019.02.18,9999.12.31
502半成品罐小料片,502半成品罐小料片,D15-068-1003,820克菁爱幼儿配方奶粉罐（新风格B1）-02小料片,398.8×175.5,片,A0681003F,398.8×179.5,白墨+橘皮油,四色+三专色,0,0,0,0,17.98,140.48,0.000015748,克,立方米,销售,PIAN,√,2019.02.18,9999.12.31
502半成品罐小料片,502半成品罐小料片,D15-068-1004,680克菁爱婴儿配方奶粉罐（新风格B1）-01小料片,502×165,片,A0681004F,398.8×169,白墨+珠光60%白,四色+三专色,0,0,0,0,1.5,132.27,0.000014827,克,立方米,销售,PIAN,√,2018.01.01,9999.12.31
502半成品罐小料片,502半成品罐小料片,D15-068-1005,680克菁爱较大婴儿配方奶粉罐（新风格B1）-01小料片,502×165,片,A0681005F,398.8×169,白墨+珠光60%白,四色+三专色,0,0,0,0,1.5,132.27,0.000014827,克,立方米,销售,PIAN,√,2018.01.01,9999.12.31
502成品罐,502成品罐,C05-068-1006,680克菁爱幼儿配方奶粉罐（新风格B1）-01,502×165,罐,A0681006F,398.8×169,白墨+珠光60%白,四色+三专色,0,0,0,0,15.17,132.27,0.000000025,克,立方米,销售,GUAN,√,2018.01.01,9999.12.31
502成品罐,502成品罐,C05-068-1007,700克菁爱婴儿配方奶粉罐（新风格B1）-01,502×165,罐,A0681007F,398.8×169,白墨+橘皮油,四色+三专色,0,0,0,0,15.17,132.27,0.000000025,克,立方米,销售,GUAN,√,2018.01.01,9999.12.31
502成品罐,502成品罐,C05-068-1008,700克菁爱较大婴儿配方奶粉罐（新风格B1）-01,502×165,罐,A0681008F,398.8×169,白墨+橘皮油,四色+三专色,0,0,0,0,15.17,132.27,0.000000025,克,立方米,销售,GUAN,√,2018.01.01,9999.12.31
502成品罐,502成品罐,C05-068-1009,700克菁爱幼儿配方奶粉罐（新风格B1）-01,502×165,罐,A0681009F,398.8×169,白墨+橘皮油,四色+三专色,0,0,0,0,15.17,132.27,0.000000025,克,立方米,销售,GUAN,√,2018.01.01,9999.12.31
502成品罐,502成品罐,C05-068-1002,820克菁爱较大婴儿配方奶粉罐（新风格B1）-02,502×175.5,罐,A0681002F,398.8×179.5,白墨+橘皮油,四色+三专色,0,0,0,0,1.798042,156,0.0000222,克,立方米,销售,GUAN,√,2019.02.18,9999.12.31
502成品罐,502成品罐,C05-068-1003,820克菁爱幼儿配方奶粉罐（新风格B1）-02,502×175.5,罐,A0681003F,398.8×179.5,白墨+橘皮油,四色+三专色,0,0,0,0,17.98,156,0.0000222,克,立方米,销售,GUAN,√,2019.02.18,9999.12.31
502成品罐,502成品罐,C05-068-1004,680克菁爱婴儿配方奶粉罐（新风格B1）-01,502×165,罐,A0681004F,398.8×169,白墨+珠光60%白,四色+三专色,0,0,0,0,15.17,132.27,0.000000025,克,立方米,销售,GUAN,√,2018.01.01,9999.12.31
502成品罐,502成品罐,C05-068-1005,680克菁爱较大婴儿配方奶粉罐（新风格B1）-01,502×165,罐,A0681005F,398.8×169,白墨+珠光60%白,四色+三专色,0,0,0,0,15.17,132.27,0.000000025,克,立方米,销售,GUAN,√,2018.01.01,9999.12.31
502成品罐,502成品罐,C05-068-1001,820克菁爱婴儿配方奶粉罐（新风格B1）-02,502×175.5,罐,A0681001F,398.8×179.5,白墨+橘皮油,四色+三专色,0,0,0,0,1.798042,156,0.0000222,克,立方米,销售,GUAN,√,2019.02.18,9999.12.31
401罐身涂印铁大料,401罐身涂印铁大料,T94-516-0002,合生元派星天呵350g 1、2、3段配方拼版大料(打样),T4CA  0.21×943×911,张,,312.4×129.3,,,0,0.21,911,943,,"1,416.18",0.000180405,克,立方米,销售,ZHANG,√,2026.04.01,9999.12.31
异型罐身涂印铁大料,异型罐身涂印铁大料,T19-516-0003,合生元派星天呵350g幼儿配方奶粉（12-36月龄，3段）打大料,T4CA  0.23×943×911,张,A516035F,312.4×129.3,白瓷,,0,0.28,0,0,,0,0,克,立方米,销售,ZHANG,√,2026.04.10,9999.12.31
异型罐身涂印铁大料,异型罐身涂印铁大料,T19-516-0002,合生元派星天呵350g较大婴儿配方奶粉（6-12月龄，2段）打样大料,T4CA  0.23×943×911,张,A516034F,312.4×129.3,白瓷,,0,0.28,0,0,,0,0,克,立方米,销售,ZHANG,√,2026.04.10,9999.12.31
异型罐身涂印铁大料,异型罐身涂印铁大料,T19-516-0001,合生元派星天呵350g婴儿配方奶粉（0-6月龄，1段）打样大料,T4CA  0.23×943×911,张,A516033F,312.4×129.3,白瓷,,0,0.28,0,0,,0,0,克,立方米,销售,ZHANG,√,2026.04.10,9999.12.31
异型成品罐,异型成品罐,C09-516-0003,合生元派星天呵350g幼儿配方奶粉（12-36月龄，3段）(打样),401×125.8,罐,A516035F,312.4×129.3,白瓷,,0,0.28,0,0,,0,0.001004176,克,立方米,销售,GUAN,√,2026.04.10,9999.12.31
异型成品罐,异型成品罐,C09-516-0002,合生元派星天呵350g较大婴儿配方奶粉（6-12月龄，2段）(打样),401×125.8,罐,A516034F,312.4×129.3,白瓷,,0,0.28,0,0,,0,0.001004176,克,立方米,销售,GUAN,√,2026.04.10,9999.12.31
异型成品罐,异型成品罐,C09-516-0001,合生元派星天呵350g婴儿配方奶粉（0-6月龄，1段）打样,401×125.8,罐,A516033F,312.4×129.3,白瓷,,0,0.28,0,0,,0,0.001004176,克,立方米,销售,GUAN,√,2026.04.10,9999.12.31
异型成品罐,异型成品罐,C09-068-0001,打样-800g可睿欣幼儿配方奶粉罐（B）-07,502×175.5,罐,A068852F,398.8×179.5,白墨,,0,0.28,0,0,,0,0.002271767,克,立方米,销售,GUAN,√,2026.04.10,9999.12.31
异型罐身涂印铁大料,异型罐身涂印铁大料,T19-068-0001,打样-800g可睿欣幼儿配方奶粉罐（B）-07,T4CA-0.28×802(W)×940 2.8/2.8 R2,张,A068852F,398.8×179.5,白墨,,0,0.28,0,0,,0,0.000211086,克,立方米,销售,ZHANG,√,2026.04.10,9999.12.31
502成品罐,502成品罐,X05-700-0009,达能502×176胶托包装(九宫托盘+PO袋+胶盖板),胶托、胶盖板、单坑覆膜纸板 、PO袋、70罐、6层,套,,1200*1000*1300,,,0,0,0,0,,0,0,克,立方米,销售,SET,√,2026.04.01,9999.12.31
502成品罐,502成品罐,X05-700-0008,达能502×162.5胶托包装(九宫托盘+PO袋+胶盖板),胶托、胶盖板、单坑覆膜纸板 、PO袋、70罐、6层,套,,1200*1000*1300,,,0,0,0,0,,0,0,克,立方米,销售,SET,√,2026.04.01,9999.12.31
502成品罐,502成品罐,X05-700-0007,达能502×116胶托包装(九宫托盘+PO袋+胶盖板),胶托、胶盖板、单坑覆膜纸板 、PO袋、70罐、9层,套,,1200*1000*1300,,,0,0,0,0,,0,0,克,立方米,销售,SET,√,2026.04.01,9999.12.31
薄膜,薄膜,B40-700-0001,达能用手工膜,0.02×170mm,KG,,,,,0,0,0,0,,0,0,克,立方米,销售,KG,√,2018.01.01,9999.12.31
502罐身涂印铁大料,502罐身涂印铁大料,T15-516-0075,700g合生元爱斯时光幼儿配方奶粉3段大料片,T4CA-0.23×802(W)×829 2.8/2.8 R2,张,A516075F,398.8×164.5mm,白瓷,,0,0.23,829,802,0.0000055,"1,200.40",0.000152917,克,立方米,销售,ZHANG,√,2023.05.31,9999.12.31
502成品罐,502成品罐,C05-516-0075,700g合生元爱斯时光幼儿配方奶粉3段,502×160,罐,A516075F,398.8×164.5,白瓷,,0,0,0,0,1.594617,118.445,0.002967429,克,立方米,销售,GUAN,√,2023.05.31,9999.12.31
502罐身涂印铁大料,502罐身涂印铁大料,T15-700-0068,达能176覆膜打样罐大料片,T4CA-0.25×802(W)×906 2.8/2.8 R2  覆膜铁,张,,398.8×180,,,0,0.25,906,802,,"1,425.98",0.000181653,克,立方米,销售,ZHANG,√,2022.11.25,9999.12.31
502成品罐,502成品罐,C05-700-0068,达能176覆膜打样罐,502×176,罐,,398.8×180,,,0,0,0,0,1.721505,158.9,0.00327252,克,立方米,销售,GUAN,√,2022.11.25,9999.12.31
502拼版大料,502拼版大料,T95-700-0003,Nutrilon Goat  800G （诺优羊 ）拼版大料片,T4CA-0.25×802(W)×906 2.8/2.8 R2,张,,398.8×180,白墨,四色+三专,0,0.25,906,802,,"1,425.98",0.000181653,克,立方米,销售,ZHANG,√,2023.07.24,9999.12.31
502拼版大料,502拼版大料,T95-700-060,爱他美悠熠1段直罐（800g）拼板大料片,T4CA-0.25×802(W)×906 2.8/2.8 R2,张,A700060F,398.8×180,白墨,四色+三专,0,0.25,906,802,,"1,425.98",0.000181653,克,立方米,销售,ZHANG,√,2023.07.24,9999.12.31
502半成品罐小料片,502半成品罐小料片,D15-700-039,Nutrilon Goat S2 800G （诺优羊 ）小料片,502×176,片,A700039F,398.8×180,白墨,四色+专色,0,0,0,0,,0,0.000015792,克,立方米,销售,PIAN,√,2022.11.25,9999.12.31
502半成品罐小料片,502半成品罐小料片,D15-700-038,Nutrilon Goat S1 800G （诺优羊 ）小料片,502×176,片,A700038F,398.8×180,白墨,四色+专色,0,0,0,0,,0,0.000015792,克,立方米,销售,PIAN,√,2022.11.25,9999.12.31
502半成品罐小料片,502半成品罐小料片,D15-700-036,Nutrilon Goat S3 800G （诺优羊 ）小料片,502×176,片,A700036F,398.8×180,白墨,四色+专色,0,0,0,0,,0,0.000015792,克,立方米,销售,PIAN,√,2022.11.25,9999.12.31
502打码易撕盖,502打码易撕盖,P25-342-0003,展辉卓赋900g（双码40mm圆）＋验证码＋文字,502#-铁质-点胶-D型-环外光油内素铁-铝箔,pcs,,1,,,0,0,0,0,,0,0,克,立方米,销售,pcs,√,2025.03.19,9999.12.30
401罐身涂印铁大料,401罐身涂印铁大料,T14-050-1006,亚泽60g成长小将复合粉大料片-01,T4CA  0.23×943（W）×789  2.8/2.8 R2#,张,A0501006F,312.4×130.5,白瓷,四色+专色+过光印哑,0,0.23,789,943,0.99,"1,495.14",0.000188044,克,立方米,销售,ZHANG,√,2018.01.01,9999.12.31
401半成品罐小料片,401半成品罐小料片,D14-050-1006,亚泽60g成长小将复合粉小料片-01,401×127,片,A0501006F,312.4×130.5,白瓷,四色+专色+过光印哑,0,0,0,0,0.66,0,0.000008969,克,立方米,销售,PIAN,√,2018.01.01,9999.12.31
401成品罐,401成品罐,C04-050-1006,亚泽60g成长小将复合粉-01,401×127,罐,A0501006F,312.40×130.50mm,白瓷,四色+专色+过光印哑,0,0,0,0,1.023056,73.607,0.00138843,克,立方米,销售,GUAN,√,2023.06.08,9999.12.31
502底盖,502底盖,P35-999-0017,502底盖打样（安琪印蓝）20260204,502,pcs,,,,,,0,0,0,,0,0.00005,克,立方米,销售,pcs,√,2022.04.08,9999.12.31
401罐身涂印铁大料,401罐身涂印铁大料,T14-050-1005,亚泽60g成长小将复合粉大料片,T4CA  0.23×943（W）×789  2.8/2.8 R2#,张,A0501005F,312.4×130.5,白瓷,四色+专色+过光印哑,0,0.23,789,943,0.99,"1,495.14",0.000188044,克,立方米,销售,ZHANG,√,2018.01.01,9999.12.31
401半成品罐小料片,401半成品罐小料片,D14-050-1005,亚泽60g成长小将复合粉小料片,401×127,片,A0501005F,312.4×130.5,白瓷,四色+专色+过光印哑,0,0,0,0,0.66,0,0.000008969,克,立方米,销售,PIAN,√,2018.01.01,9999.12.31
401成品罐,401成品罐,C04-050-1005,亚泽60g成长小将复合粉,401×127,罐,A0501005F,312.40×130.50mm,白瓷,四色+专色+过光印哑,0,0,0,0,1.023056,73.607,0.00138843,克,立方米,销售,GUAN,√,2023.06.08,9999.12.31
502拼版大料,502拼版大料,T95-700-0002,Nutrilon Goat  400G （诺优羊 ）,T4CA-0.25×802(W)×846  2.8/2.8  R2,张,,398.8×120,,,0,0.25,846,802,,"1,363.02",0.000173633,克,立方米,销售,ZHANG,√,2025.07.09,9999.12.31
502半成品罐小料片,502半成品罐小料片,D15-700-044,Nutrilon Goat S3 400G （诺优羊 ）小料片,502×116,片,A700044F,398.8×120,白墨,四色+专色,0,0,0,0,,0,0.000011964,克,立方米,销售,PIAN,√,2022.11.25,9999.12.31
502半成品罐小料片,502半成品罐小料片,D15-700-043,Nutrilon Goat S2 400G （诺优羊 ）小料片,502×116,片,A700043F,398.8×120,白墨,四色+专色,0,0,0,0,,0,0.000011964,克,立方米,销售,PIAN,√,2022.11.25,9999.12.31
502半成品罐小料片,502半成品罐小料片,D15-700-042,Nutrilon Goat S1 400G （诺优羊 ）小料片,502×116,片,A700042F,398.8×120,白墨,四色+专色,0,0,0,0,,0,0.000011964,克,立方米,销售,PIAN,√,2022.11.25,9999.12.31
502半成品罐小料片,502半成品罐小料片,D15-700-063,爱他美悠熠2段直罐（400g）小料片,502×116,片,A700063F,398.8×120,白墨,四色+三专,0,0,0,0,,0,0.000011964,克,立方米,销售,PIAN,√,2023.07.24,9999.12.31
502半成品罐小料片,502半成品罐小料片,D15-700-062,爱他美悠熠1段直罐（400g）小料片,502×116,片,A700062F,398.8×120,白墨,四色+三专,0,0,0,0,,0,0.000011964,克,立方米,销售,PIAN,√,2023.07.24,9999.12.31
502半成品罐小料片,502半成品罐小料片,D15-700-059,爱他美悠熠3段直罐（400g）小料片,502×116,片,A700059F,398.8×120,白墨,四色+三专,0,0,0,0,,0,0.000011964,克,立方米,销售,PIAN,√,2023.07.24,9999.12.31
502拼版大料,502拼版大料,T95-700-0001,爱他美悠熠直罐（400g）拚版大料片,T4CA-0.25×802(W)×846  2.8/2.8  R2,张,0600035/0600036,398.8×120,白墨,四色+三专,0,0.25,846,802,,"1,363.02",0.000173633,克,立方米,销售,ZHANG,√,2025.07.09,9999.12.31
502底盖,502底盖,P35-000-111,单光印蓝筋点底-08#（印蓝φ62）,502,pcs,,、,,,144.3,0,0,0,,0,0.00005,克,立方米,通用,pcs,√,2021.05.01,9999.12.31
502底盖,502底盖,P35-000-133,外双光筋点底-08#(达能专用),502,pcs,,,,,144.3,0,0,0,,0,0.00005,克,立方米,通用,pcs,√,2023.07.21,9999.12.31
托盘,托盘,B10-000-0070,九孔托盘(黄色）,120×100×14cm,pcs,,1200×1000,,,0,0,0,0,,0,0,克,立方米,通用,pcs,√,2023.09.15,9999.12.31
托盘,托盘,B10-000-0069,九孔托盘(红色）,120×100×14cm,pcs,,1200×1000,,,0,0,0,0,,0,0,克,立方米,通用,pcs,√,2023.09.15,9999.12.31
401底盖,401底盖,P34-000-058,单光印蓝筋点底-23#（印蓝φ75）（0.23）,401,pcs,,,,,115.6,0,0,0,,0,0.000035357,克,立方米,通用,pcs,√,2020.11.06,9999.12.31
401罐身涂印铁大料,401罐身涂印铁大料,T14-000-032,金安科技素铁罐（401#）大料片,T4CA-0.23×943（W)×773 2.8/2.8  R2,张,A000032F,312.4×153.5,,,0,0.23,774,943,,"1,317.80",0.000167872,克,立方米,通用,ZHANG,√,2023.06.13,9999.12.31
401罐身涂印铁大料,401罐身涂印铁大料,T14-000-0001,401*150打样大料片,T4CA-0.21×943(W)×773  2.8/2.8  R2,张,,312.4×153.5,,,0,0.21,773,943,,"1,423.00",0.000153077,克,立方米,通用,ZHANG,√,2017.12.31,9999.12.31
401半成品罐小料片,401半成品罐小料片,D14-000-0001,401*150打样小料片,401×150,片,,312.4×153.5,,,0,0,0,0,,79,0.00001067,克,立方米,通用,PIAN,√,2017.12.31,9999.12.31
401成品罐,401成品罐,C04-000-0001,401*150打样,401×150,罐,A0000001F,312.4×153.5,,,0,0,0,0,1.273599,79,0.001605128,克,立方米,通用,GUAN,√,2017.12.31,9999.12.31
502胶盖,502胶盖,P55-000-0077,213光身粉色高盖（不配胶勺）,502胶盖,pcs,,0,,,131,0,0,0,,50,0.000595467,克,立方米,销售,pcs,√,2025.02.11,9999.12.31
502罐身涂印铁大料,502罐身涂印铁大料,T15-213-0112,280g韵葆佳酵母多维蛋白粉大料片,T4CA-0.23×802(W)×732 2.82.8 R2,张,A2130112F,398.8×181.5,白瓷,四色+光油,0,0.23,732,802,15.17,"1,322.03",0.000182646,克,立方米,销售,ZHANG,√,2018.01.01,9999.12.31
502成品罐,502成品罐,C05-213-0112,280g韵葆佳酵母多维蛋白粉,502×177,罐,A2130112F,398.8×181.5,白瓷,四色+光油,0,0,0,0,1.806944,130.69,0.003228571,克,立方米,销售,GUAN,√,2018.01.01,9999.12.31
马口铁,马口铁,Y20-023-050,马口铁,T4CA-0.23×943(W)×774 2.8/2.8 R2,张,,,,,0,0.23,943,774,,"1,317.80",0,克,立方米,销售,ZHANG,√,2018.01.01,9999.12.31
401打码易撕盖,401打码易撕盖,P24-068-003,贝因美（双码35mm圆）-非特医2.0版,401#-铁质-点胶-D型-环内外素铁-铝箔,pcs,,,,,0,0,0,0,,0,0,克,立方米,销售,pcs,√,2022.09.29,9999.12.31
401成品罐,401成品罐,X04-068-0002,贝因美成品罐包装（401*150）,胶托、胶盖板、C33单坑瓦楞纸板、PE膜，’PO袋、缠绕膜、单层121罐、整托7层847罐。,套,,0,,,0,0,0,0,,0,0,克,立方米,通用,SET,√,2018.01.01,9999.12.31
401罐身涂印铁大料,401罐身涂印铁大料,T14-068-849,350g可睿欣幼儿配方奶粉罐（B）-05大料铁,T4CA-0.23×943（W）×774  2.8/2.8 R2,张,A068849F,312.4×153.5,白墨+珠光油,四色+两专色,0,0.23,774,943,19,"1,317.80",0.000167872,克,立方米,销售,ZHANG,√,2018.01.01,9999.12.31
401罐身涂印铁大料,401罐身涂印铁大料,T14-068-848,350g可睿欣较大婴儿配方奶粉罐（B）-05大料铁,T4CA-0.23×943（W）×774  2.8/2.8 R2,张,A068848F,312.4×153.5,白墨+珠光油,四色+两专色,0,0.23,774,943,,"1,317.80",0.000167872,克,立方米,销售,ZHANG,√,2018.01.01,9999.12.31
401罐身涂印铁大料,401罐身涂印铁大料,T14-068-847,350克可睿欣婴儿配方奶粉罐（B）-05大料片,T4CA-0.23×943（W）×774  2.8/2.8  R2,张,A068847F,312.4×153.5,白墨+珠光油,四色+两专色,0,0.23,774,943,,"1,317.80",0.000167872,克,立方米,销售,ZHANG,√,2018.01.01,9999.12.31
401半成品罐小料片,401半成品罐小料片,D14-068-849,350g可睿欣幼儿配方奶粉罐（B）-05小料片,312.4×153.5,片,A068849F,312.4×153.5,白墨+珠光油,四色+两专色,0,0,0,0,,86,0.000010549,克,立方米,销售,PIAN,√,2018.01.01,9999.12.31
401半成品罐小料片,401半成品罐小料片,D14-068-848,350g可睿欣较大婴儿配方奶粉罐（B）-05小料片,312.4×153.5,片,A068848F,312.4×153.5,白墨+珠光油,四色+两专色,0,0,0,0,,86,0.000010549,克,立方米,销售,PIAN,√,2018.01.01,9999.12.31
401半成品罐小料片,401半成品罐小料片,D14-068-847,350克可睿欣婴儿配方奶粉罐（B）-05小料片,312.4×153.5,片,A068847F,312.4×153.5,白墨+珠光油,四色+两专色,0,0,0,0,,86.58,0.000010549,克,立方米,销售,PIAN,√,2018.01.01,9999.12.31
401成品罐,401成品罐,C04-068-849,350g可睿欣幼儿配方奶粉罐（B）-05,401×150,罐,A068849F,312.4×153.5,白墨+珠光油,四色+两专色,0,0,0,0,1.273599,86,0.001487603,克,立方米,销售,GUAN,√,2018.01.01,9999.12.31
401成品罐,401成品罐,C04-068-847,350克可睿欣婴儿配方奶粉罐（B）-05,401×150,罐,A068847F,312.4×153.5,白墨+珠光油,四色+两专色,0,0,0,0,1.273599,86,0.001487603,克,立方米,销售,GUAN,√,2018.01.01,9999.12.31
401成品罐,401成品罐,C04-068-848,350g可睿欣较大婴儿配方奶粉罐（B）-05,401×150,罐,A068848F,312.4×153.5,白墨+珠光油,四色+两专色,0,0,0,0,1.273599,86,0.001487603,克,立方米,销售,GUAN,√,2018.01.01,9999.12.31
502罐身涂印铁大料,502罐身涂印铁大料,T15-068-1011,800克菁爱较大婴儿配方奶粉罐（新风格B1）-01大料铁,T4CA-0.25×802（W）×904  2.8/2.8  R2,张,A0681011F,398.8×179.5,白墨+珠光60%白,四色+三专色,0,0.25,904,802,17.98,"1,422.83",0.000167121,克,立方米,销售,ZHANG,√,2019.02.18,9999.12.31
502半成品罐小料片,502半成品罐小料片,D15-068-1011,800克菁爱较大婴儿配方奶粉罐（新风格B1）-01小料片,398.8×175.5,片,A0681011F,398.8×179.5,白墨+珠光60%白,四色+三专色,0,0,0,0,17.98,140.48,0.000015748,克,立方米,销售,PIAN,√,2019.02.18,9999.12.31
502成品罐,502成品罐,C05-068-1011,800克菁爱较大婴儿配方奶粉罐（新风格B1）-01,502×175.5,罐,A0681011F,398.8×179.5,白墨+珠光60%白,四色+三专色,0,0,0,0,1.798042,156,0.0000222,克,立方米,销售,GUAN,√,2019.02.18,9999.12.31
502半成品罐小料片,502半成品罐小料片,D15-068-1010,800克菁爱婴儿配方奶粉罐（新风格B1）-01小料片,398.8×175.5,片,A0681010F,398.8×179.5,白墨+珠光60%白,四色+三专色,0,0,0,0,17.98,140.48,0.000015748,克,立方米,销售,PIAN,√,2019.02.18,9999.12.31
502罐身涂印铁大料,502罐身涂印铁大料,T15-068-1010,800克菁爱婴儿配方奶粉罐（新风格B1）-01大料铁,T4CA-0.25×802（W）×904  2.8/2.8  R2,张,A0681010F,398.8×179.5,白墨+珠光60%白,四色+三专色,0,0.25,904,802,17.98,"1,422.83",0.000167121,克,立方米,销售,ZHANG,√,2019.02.18,9999.12.31
502成品罐,502成品罐,C05-068-1010,800克菁爱婴儿配方奶粉罐（新风格B1）-01,502×175.5,罐,A0681010F,398.8×179.5,白墨+珠光60%白,四色+三专色,0,0,0,0,1.798042,156,0.0000222,克,立方米,销售,GUAN,√,2019.02.18,9999.12.31
马口铁,马口铁,Y20-025-007,马口铁,T4CA-0.25×802(W)×904 2.8/2.8 R2,张,,,,,0,0.25,802,904,,"1,422.83",0,克,立方米,销售,ZHANG,√,2018.01.01,9999.12.31
马口铁,马口铁,Y20-025-015,马口铁,T4CA-0.25×803(W)×904 2.8/2.8 R2,张,,,,,0,0.25,803,904,,"1,424.60",0,克,立方米,销售,ZHANG,√,2018.01.01,9999.12.31
401罐身涂印铁大料,401罐身涂印铁大料,T94-516-0001,合生元可贝思亲呵350克拼版大料片,T4CA-0.21×943(W)×911 2.8/2.8  R2,张,,312.4×129.3,,,0,0.21,911,943,,"1,347.78",0.000171692,克,立方米,销售,ZHANG,√,2019.01.01,9999.12.31
401半成品罐小料片,401半成品罐小料片,D14-516-0025,合生元可贝思亲呵350克较大婴儿配方羊奶粉 （6-12月龄，2段）小料片,401*129.3,片,A516025F,312.4×129.3,白瓷,四色+专色,0,0.21,312.4,129.3,,84.32,0.000008482,克,立方米,销售,PIAN,√,2023.05.11,9999.12.31
401半成品罐小料片,401半成品罐小料片,D14-516-0060,合生元可贝思亲呵350克婴儿配方羊奶粉 （0-6月龄，1段）小料片,401*129.3,片,A516060F,312.4×129.3,白瓷,四色+专色,0,0.21,312.4,129.3,,84.32,0.000008482,克,立方米,销售,PIAN,√,2023.05.11,9999.12.31
401半成品罐小料片,401半成品罐小料片,D14-516-0026,合生元可贝思亲呵350克幼儿配方羊奶粉 （12-36月龄，3段）小料片,401*129.3,片,A516026F,312.4×129.3,白瓷,四色+专色,0,0.21,312.4,129.3,,84.32,0.000008482,克,立方米,销售,PIAN,√,2023.05.11,9999.12.31
401胶盖,401胶盖,P54-000-0267,401#蓝色平盖,401#,pcs,,,,,,0,0,0,,20,0.000274831,克,立方米,通用,pcs,√,2025.02.01,9999.12.31
401底盖,401底盖,P34-501-0001,401#单光印蓝底盖（印蓝直径62mm）双面赋码底盖（亚泽好健康专用）,401,pcs,,312.4,,,115.6,0,0,0,,0,0.000035357,克,立方米,销售,pcs,√,2018.01.01,9899.01.01
401胶盖,401胶盖,P54-000-211,铁401深绿金钻2#高盖(包装笑脸折勺)9812德物300克草牧里专用),401#,pcs,,1,,,1,1,1,1,,0,0.3,克,立方米,销售,pcs,√,2019.01.01,9999.12.31
502罐身涂印铁大料,502罐身涂印铁大料,T15-068-1012,800克菁爱幼儿配方奶粉罐（新风格B1）-01大料铁,T4CA-0.25×802（W）×904  2.8/2.8  R2,张,A0681012F,398.8×179.5,白墨+珠光60%白,四色+三专色,0,0.25,904,802,17.98,"1,422.83",0.000167121,克,立方米,销售,ZHANG,√,2019.02.18,9999.12.31
502半成品罐小料片,502半成品罐小料片,D15-068-1012,800克美菁爱幼儿配方奶粉罐（新风格B1）-01小料片,398.8×175.5,片,A0681012F,398.8×179.5,白墨+珠光60%白,四色+三专色,0,0,0,0,17.98,140.48,0.000015748,克,立方米,销售,PIAN,√,2019.02.18,9999.12.31
502成品罐,502成品罐,C05-068-1012,800克菁爱幼儿配方奶粉罐（新风格B1）-01,502×175.5,罐,A0681012F,398.8×179.5,白墨+珠光60%白,四色+三专色,0,0,0,0,1.798042,156,0.0000222,克,立方米,销售,GUAN,√,2019.02.18,9999.12.31
502胶盖,502胶盖,P55-000-0074,213光身金色高盖(盖勺一体)7447,502胶盖,pcs,,0,,,131,0,0,0,,48.5,0.000595467,克,立方米,销售,pcs,√,2025.02.11,9999.12.31
401罐身涂印铁大料,401罐身涂印铁大料,T14-516-0002,合生元可贝思亲呵350克合拼大料片,T4CA-0.23×943(W)×911?2.8/2.8??R2,罐,,312.4×129.3,,,0,0.23,867,943,,"1,476.14",0.000188043,克,立方米,销售,GUAN,√,2019.01.01,9999.12.31
马口铁,马口铁,Y20-025-004,马口铁,T4CA-0.25×802(W)×866 2.8/2.8 R2,张,,,,,0,0.25,802,866,,"1,363.02",0,克,立方米,销售,ZHANG,√,2018.01.01,9999.12.31
502成品罐,502成品罐,X05-050-0001,亚泽502包装,黑色胶托、木盖板、覆膜纸板，单坑瓦楞纸板、缠绕膜、每层70罐、6层,套,,1200,,,0,0,0,0,,0,0,克,立方米,通用,SET,√,2018.01.01,9999.12.31
502罐身涂印铁大料,502罐身涂印铁大料,T15-050-1004,亚泽210g乳清分离蛋白粉大料片,T4CA-0.25×802(W)×866 2.8/2.8 R2,张,A0501004F,398.8×172,白磁,四色+286C+过光印哑,0,0.25,906,802,1.594617,"1,425.98",0.000181653,克,立方米,销售,ZHANG,√,2023.07.24,9999.12.31
502半成品罐小料片,502半成品罐小料片,D15-050-1004,亚泽210g乳清分离蛋白粉小料片,502×168,片,A0501004F,398.8×172,白瓷,四色+过光印哑,0,0,0,0,,0,0.00001509,克,立方米,销售,PIAN,√,2023.07.24,9999.12.31
502成品罐,502成品罐,C05-050-1004,亚泽210g乳清分离蛋白粉,502×168,罐,A0501004F,398.8×172,白磁,四色+286C+过光印哑,0,0,0,0,7.982665,134.615,0.00327252,克,立方米,销售,GUAN,√,2023.07.24,9999.12.31
502罐身涂印铁大料,502罐身涂印铁大料,T15-516-0001,合生元155样罐大料片,T4CA-0.25×802(W)×810 2.8/2.8 R2#,张,,398.8×159,,,0,0.25,801,802,,"1,260.71",0.000160601,克,立方米,销售,ZHANG,√,2018.01.01,9999.12.31
502成品罐,502成品罐,C05-516-0001,合生元155样罐,502×155,罐,,398.8×159,白墨,四色+专色,0,0.25,801,802,1.630837,124.441,0.000160601,克,立方米,销售,GUAN,√,2023.05.31,9999.12.31
502打码易撕盖,502打码易撕盖,P25-068-004,贝因美（双码40mm圆）2.0版,502#-铁质-点胶-D型-环内外素铁-铝箔,pcs,,,,,0,0,0,0,,0,0,克,立方米,销售,pcs,√,2022.09.29,9999.12.31
502成品罐,502成品罐,X05-068-0002,贝因美175.5高6层包装,胶托、胶盖板、覆膜纸板、C33单坑瓦楞纸板、PO袋、缠绕膜、每层70罐、7层,套,,31×1,,,0,0,0,0,,0,0,克,立方米,通用,SET,√,2018.01.01,9999.12.31
502罐身涂印铁大料,502罐身涂印铁大料,T15-068-852,800g可睿欣幼儿配方奶粉罐（B）-06大料片,T4CA-0.28×802（W）×904  2.8/2.8 R2,张,A068852F,398.8×179.5,白墨+珠光油,四色+两专色,0,0.28,904,802,20.14,"1,593.57",0.000167121,克,立方米,销售,ZHANG,√,2019.02.18,9999.12.31
502罐身涂印铁大料,502罐身涂印铁大料,T15-068-851,800g可睿欣较大婴儿配方奶粉罐（B）-06大料片,T4CA-0.28×802（W）×904  2.8/2.8 R2,张,A068851F,398.8×179.5,白墨+珠光油,四色+两专色,0,0.28,904,802,20.14,"1,593.57",0.000167121,克,立方米,销售,ZHANG,√,2019.02.18,9999.12.31
502罐身涂印铁大料,502罐身涂印铁大料,T15-068-850,800克可睿欣婴儿配方奶粉罐（B）-06大料铁,T4CA-0.28×802（W）×904  2.8/2.8  R2,张,A068850F,398.8×179.5,白墨+珠光油,四色+两专色,0,0.28,904,802,20.14,"1,593.57",0.000167121,克,立方米,销售,ZHANG,√,2019.02.18,9999.12.31
502半成品罐小料片,502半成品罐小料片,D15-068-852,800g可睿欣幼儿配方奶粉罐（B）-06小料片,398.8×175.5,片,A068852F,398.8×179.5,白墨+珠光油,四色+两专色,0,0,0,0,,157.24,0.000015748,克,立方米,销售,PIAN,√,2019.02.18,9999.12.31
502半成品罐小料片,502半成品罐小料片,D15-068-851,800g可睿欣较大婴儿配方奶粉罐（B）-06小料片,398.8×175.5,片,A068851F,398.8×179.5,白墨+珠光油,四色+两专色,0,0,0,0,,157.34,0.000015748,克,立方米,销售,PIAN,√,2019.02.18,9999.12.31
502半成品罐小料片,502半成品罐小料片,D15-068-850,800克可睿欣婴儿配方奶粉罐（B）-06小料片,398.8×175.5,片,A068850F,398.8×179.5,白墨+珠光油,四色+两专色,0,0,0,0,,157.34,0.000015748,克,立方米,销售,PIAN,√,2019.02.18,9999.12.31
502成品罐,502成品罐,C05-068-852,800g可睿欣幼儿配方奶粉罐（B）-06,502×175.5,罐,A068852F,398.8×179.5,白墨+珠光油,四色+两专色,0,0,0,0,2.013807,175,0.00357,克,立方米,销售,GUAN,√,2019.02.18,9999.12.31
502成品罐,502成品罐,C05-068-851,800g可睿欣较大婴儿配方奶粉罐（B）-06,502×175.5,罐,A068851F,398.8×179.5,白墨+珠光油,四色+两专色,0,0,0,0,2.013807,175.64,0.00357,克,立方米,销售,GUAN,√,2019.02.18,9999.12.31
502成品罐,502成品罐,C05-068-850,800克可睿欣婴儿配方奶粉罐（B）-06,502×175.5,罐,A068850F,398.8×179.5,白墨+珠光油,四色+两专色,0,0,0,0,2.013807,175.64,0.00357,克,立方米,销售,GUAN,√,2019.02.18,9999.12.31
401罐身涂印铁大料,401罐身涂印铁大料,T14-867-003,400g草牧里酸枣仁高钙奶粉罐大料铁,T4CA-0.23×943×754  2.8/2.8 R2,张,A867003F,312.4×149.5,白瓷+哑油,四色,0,0.23,754,943,18.89,"1,283.75",0.00019455,克,立方米,销售,ZHANG,√,2023.05.11,9999.12.31
401罐身涂印铁大料,401罐身涂印铁大料,T14-867-001,300g草牧里营养补充蛋白粉罐大料片,T4CA-0.23×943×754  2.8/2.8 R2,张,A867001F,312.4×149.5,白瓷+哑油+内素铁,四色+两专色,0,0.23,943,754,,"1,527.22",0.00019455,克,立方米,销售,ZHANG,√,2023.05.11,9999.12.31
401半成品罐小料片,401半成品罐小料片,D14-867-003,400g草牧里酸枣仁高钙奶粉罐小料片,401*146,片,A867003F,312.4×149.5,白瓷+哑油,四色,0,0.23,312.4,149.5,,84.32,0.000010274,克,立方米,销售,PIAN,√,2023.05.11,9999.12.31
401半成品罐小料片,401半成品罐小料片,D14-867-001,300g草牧里营养补充蛋白粉罐小料片,401*146,片,A867001F,312.4×149.5,白瓷+哑油+内素铁,四色+两专色,0,0.23,312.4,149.5,,83.787,0.000010274,克,立方米,销售,PIAN,√,2023.05.11,9999.12.31
401成品罐,401成品罐,C04-867-003,400g草牧里酸枣仁高钙奶粉罐,401*146,罐,A867003F,312.4×149.5,白瓷+哑油,四色,0,0,0,0,1.259637,73.9,0.00168108,克,立方米,销售,GUAN,√,2018.01.01,9999.12.31
401成品罐,401成品罐,C04-867-001,300g草牧里营养补充蛋白粉罐,401*146,罐,A867001F,312.4×149.5,白瓷+哑油+内素铁,四色+两专色,0,0,0,0,1.259637,73.9,0.00168108,克,立方米,销售,GUAN,√,2018.01.01,9999.12.31
502罐身涂印铁大料,502罐身涂印铁大料,T15-516-068,800g合生元大灌篮儿童配方调制奶粉大料片,T4CA-0.25×802(W)×810 2.8/2.8 R2#,张,A516068F,398.8×159,白墨,四色+三专,0,0.25,801,802,,"1,260.71",0.000160601,克,立方米,销售,ZHANG,√,2018.01.01,9999.12.31
502成品罐,502成品罐,C05-516-068,800g合生元大灌篮儿童配方调制奶粉,502×155,罐,A516068F,398.8×159,白墨,四色+三专,0,0.25,801,802,1.630837,124.441,0.000160601,克,立方米,销售,GUAN,√,2023.05.31,9999.12.31
服务性料品,服务性料品,9-000-0077,质量折扣料,质量折扣料,pcs,,,,,0,0,0,0,,0,0,克,立方米,通用,pcs,√,2018.01.01,9999.12.31
服务性料品,服务性料品,9-000-0076,索赔料,索赔料,pcs,,,,,0,0,0,0,,0,0,克,立方米,通用,pcs,√,2018.01.01,9999.12.31
502罐身涂印铁大料,502罐身涂印铁大料,T15-342-0115,展辉800g玺铂婴儿配方奶粉罐大料片,T4CA-0.25×802(W)×851 2.8/2.8  R2,张,A3420115F,398.8×169,白瓷,四色+专色,0,0.25,816,802,1.5,"1,284.32",0.000163608,克,立方米,销售,ZHANG,√,2023.01.01,9999.12.31
502半成品罐小料片,502半成品罐小料片,D15-342-0115,展辉800g玺铂婴儿配方奶粉罐小料片,502×169,片,A3420115F,398.8×169,白瓷,四色+专色,0,0,0,0,1.5,126.8,0.000016151,克,立方米,销售,PIAN,√,2023.01.01,9999.12.31
502成品罐,502成品罐,C05-342-0115,展辉800g玺铂婴儿配方奶粉罐,502×165,罐,A3420115F,398.8×169,白瓷,四色+专色,126.5,0.25,162,398.8,1.5,126.8,0.003217959,克,立方米,销售,GUAN,√,2023.01.01,9999.12.31
马口铁,马口铁,Y20-025-026,马口铁,T4CA-0.25×802(W)×851 2.8/2.8 R2,张,,,,,0,0.25,802,851,,"1,339.41",0,克,立方米,销售,ZHANG,√,2018.01.01,9999.12.31
502拼版大料,502拼版大料,T95-342-0006,800g玺铂拚版大料片,T4CA-0.25×802(W)×851 2.8/2.8 R2,张,,398.8×169,,,0,0.28,851,802,20.5,"1,500.14",0.000157528,克,立方米,销售,ZHANG,√,2018.01.01,9999.12.31
502打码易撕盖,502打码易撕盖,P25-342-0002,展辉（双码40mm圆）＋验证码＋文字,502#-铁质-点胶-D型-环外光油内素铁-铝箔,pcs,,1,,,0,0,0,0,,0,0.000188044,克,立方米,销售,pcs,√,2025.03.19,9999.12.30
502罐身涂印铁大料,502罐身涂印铁大料,T15-342-0114,800g玺铂幼儿配方奶粉罐大料片,T4CA-0.25×802(W)×851 2.8/2.8  R2,张,A3420114F,398.8×169,白瓷,四色+专色,0,0.25,816,802,1.5,"1,284.32",0.000163608,克,立方米,销售,ZHANG,√,2023.01.01,9999.12.31
502罐身涂印铁大料,502罐身涂印铁大料,T15-342-0113,800g玺铂较大婴儿配方奶粉罐大料片,T4CA-0.25×802(W)×851 2.8/2.8  R2,张,A3420113F,398.8×169,白瓷,四色+专色,0,0.25,816,802,1.5,"1,284.32",0.000163608,克,立方米,销售,ZHANG,√,2023.01.01,9999.12.31
502罐身涂印铁大料,502罐身涂印铁大料,T15-342-0112,800g玺铂婴儿配方奶粉罐大料片,T4CA-0.25×802(W)×851 2.8/2.8  R2,张,A3420112F,398.8×169,白瓷,四色+专色,0,0.25,816,802,1.5,"1,284.32",0.000163608,克,立方米,销售,ZHANG,,2023.01.01,9999.12.31
502半成品罐小料片,502半成品罐小料片,D15-342-0114,800g玺铂幼儿配方奶粉罐小料片,502×169,片,A3420114F,398.8×169,白瓷,四色+专色,0,0,0,0,1.5,126.8,0.000016151,克,立方米,销售,PIAN,√,2023.01.01,9999.12.31
502半成品罐小料片,502半成品罐小料片,D15-342-0113,800g玺铂较大婴儿配方奶粉罐小料片,502×169,片,A3420113F,398.8×169,白瓷,四色+专色,0,0,0,0,1.5,126.8,0.000016151,克,立方米,销售,PIAN,√,2023.01.01,9999.12.31
502半成品罐小料片,502半成品罐小料片,D15-342-0112,800g玺铂婴儿配方奶粉罐小料片,502×169,片,A3420112F,398.8×169,白瓷,四色+专色,0,0,0,0,1.5,126.8,0.000016151,克,立方米,销售,PIAN,,2023.01.01,9999.12.31
502成品罐,502成品罐,C05-342-0114,800g玺铂幼儿配方奶粉罐,502×165,罐,A3420114F,398.8×169,白瓷,四色+专色,126.5,0.25,162,398.8,1.5,126.8,0.003217959,克,立方米,销售,GUAN,√,2023.01.01,9999.12.31
502成品罐,502成品罐,C05-342-0113,800g玺铂较大婴儿配方奶粉罐,502×165,罐,A3420113F,398.8×169,白瓷,四色+专色,126.5,0.25,162,398.8,1.5,126.8,0.003217959,克,立方米,销售,GUAN,√,2023.01.01,9999.12.31
502成品罐,502成品罐,C05-342-0112,800g玺铂婴儿配方奶粉罐,502×165,罐,A3420112F,398.8×169,白瓷,四色+专色,126.5,0.25,162,398.8,1.5,126.8,0.003217959,克,立方米,销售,GUAN,,2023.01.01,9999.12.31
马口铁,马口铁,Y20-023-165,马口铁,T4CA-0.23×943(W)×867 2.8/2.8 R2 #,张,,,,,0,0.23,943,867,,"1,476.14",0,克,立方米,销售,ZHANG,√,2018.01.01,9999.12.31
401罐身涂印铁大料,401罐身涂印铁大料,T14-097-0001,362克笔博士全价儿童成长奶粉罐大料铁,T4CA-0.23×943（W）×867  2.8/2.8  R2,张,A097001F,312.4×143.5,白瓷+光油,四色+专色,,0,0,943,16.88,"1,230.97",0.000188043,克,立方米,销售,ZHANG,√,2018.01.01,9999.12.31
401成品罐,401成品罐,C04-097-0001,362克笔博士全价儿童成长奶粉罐,401×140,罐,A097001F,,白瓷+光油,四色+专色,0,0,0,0,1,92,0.001487603,克,立方米,销售,GUAN,√,2018.01.01,9999.12.31
薄膜,薄膜,B40-000-0058,手用拉伸膜,0.02×500mm,KG,,500,,,0,0,0,0,,0,0,克,立方米,通用,KG,√,2018.01.01,9999.12.31
薄膜,薄膜,B40-000-0020,PO袋,0.025×1240×1040×1200mm,pcs,,0.25,,,0,0,0,0,,0,0,克,立方米,通用,pcs,√,2018.01.01,9999.12.31
401底盖,401底盖,P34-000-067,单光印蓝筋点底-34#（印蓝φ63）(2道筋）,401,pcs,,398.8×179.5,,,115.6,0,0,0,,0,0.000035357,克,立方米,通用,pcs,√,2022.01.24,9999.12.31
马口铁,马口铁,Y20-023-054,马口铁,T4CA-0.23×943(W)×835 2.8/2.8 R2,张,,,,,0,0.23,943,835,,"1,421.66",0,克,立方米,通用,ZHANG,√,2018.01.01,9999.12.31
401胶盖,401胶盖,P54-000-244,铁401红色金钻2#高盖(包装笑脸折叠勺)4657(德物400克 红参高钙专用),401#,pcs,,0,,,1,1,1,1,,0,0.3,克,立方米,通用,pcs,√,2019.01.01,9999.12.31
401胶盖,401胶盖,P54-000-245,铁401紫色金钻2#高盖(包装笑脸折叠勺))4656(德物400克酸枣仁高钙专用),401#,pcs,,0,,,1,1,1,1,,0,0.3,克,立方米,通用,pcs,√,2019.01.01,9999.12.31
401成品罐,401成品罐,X04-867-0001,德物401#包装,胶托、木盖板、.‘单坑纸板.打包带. 缠绕膜、每层121罐、8层,套,,0,,,0,0,0,0,,0,0,克,立方米,销售,SET,√,2018.01.01,9999.12.31
马口铁,马口铁,Y20-023-304,马口铁,T4CA-0.23×943(W)×754?2.8/2.8?R2 #,张,,,,,0,0.23,943,754,,"1,283,750.00",0.000128,克,立方米,通用,ZHANG,√,2021.04.01,9999.12.31
401罐身涂印铁大料,401罐身涂印铁大料,T14-867-002,400g草牧里红参高钙奶粉罐大料铁,T4CA-0.23×943×754  2.8/2.8 R2,张,A867002F,312.4×149.5,白瓷+哑油,四色,0,0.23,754,943,18.89,"1,283.75",0.00019455,克,立方米,销售,ZHANG,√,2023.05.11,9999.12.31
401半成品罐小料片,401半成品罐小料片,D14-867-002,400g草牧里红参高钙奶粉罐小料片,401*146,片,A867002F,312.4×149.5,白瓷+哑油,四色,0,0.23,312.4,149.5,,84.32,0.000010274,克,立方米,销售,PIAN,√,2023.05.11,9999.12.31
401成品罐,401成品罐,C04-867-002,400g草牧里红参高钙奶粉罐,401*146,罐,A867002F,312.4×149.5,白瓷+哑油,四色,0,0,0,0,1.259637,73.9,0.00168108,克,立方米,销售,GUAN,√,2018.01.01,9999.12.31
502底盖,502底盖,P35-000-0145,单光印蓝（白墨印哑）筋点底-08#（印蓝直径66mm）,502,pcs,,,,,,0,0,0,,0,0.00005,克,立方米,通用,pcs,√,2022.04.08,9999.12.31
其它包材类,其它包材类,B90-516-0001,珍珠棉,200 ×50×20mm,pcs,,39,,,0,0,0,0,,0,0,KG,立方米,销售,pcs,√,2019.01.01,9999.12.31
纸板,纸板,B60-000-130,PP防护板,直角防护板,张,,,,,0,0,0,0,,0,0,克,立方米,通用,ZHANG,√,2018.01.01,9999.12.31
马口铁,马口铁,Y20-025-045,马口铁,T4CA-0.25×802(W)×896 2.8/2.8 R2,张,,,,,0,0.25,802,896,,"1,410.24",0,克,立方米,销售,ZHANG,√,2018.01.01,9999.12.31
马口铁,马口铁,Y20-023-147,马口铁,T4CA-0.23×802(W)×896 2.8/2.8 R2,张,,,,,0,0.23,802,896,,"1,297.42",0,克,立方米,销售,ZHANG,√,2018.01.01,9999.12.31
马口铁,马口铁,Y20-021-226,马口铁,T4CA -0.21×943(W)×864 2.8/2.8 R2#,张,,,,,0,0.21,943,864,,"1,343.12",0,克,立方米,销售,ZHANG,√,2019.12.01,9999.12.31
401成品罐,401成品罐,C04-516-0001,合生元罐高125.8样罐,401×125.8,罐,A5160001F,312.4×129.3,,,0,0.21,943,911,12.08838,66.588,0.000180405,克,立方米,销售,GUAN,√,2024.05.01,9999.12.31
401罐身涂印铁大料,401罐身涂印铁大料,T14-516-0001,合生元罐高125.8打样,T4CA  0.23×943×871,张,A516025F,312.4×129.3,,,0,0.21,911,943,,"1,416.18",0.000180405,克,立方米,销售,ZHANG,√,2023.06.08,9999.12.31
502拼版大料,502拼版大料,T95-342-0002,卓赋900g拼版大料片,T4CA-0.28×802(W)×851   2.8/2.8 R2,张,,398.8×169,,,0,0,0,886,1.7,"1,414.50",0.000177643,克,立方米,销售,ZHANG,√,2025.03.21,9999.12.31
502罐身涂印铁大料,502罐身涂印铁大料,T15-160-0003,长沙502×169打样（0.23）,T4CA 0.28×802×9871,张,,398.8×173,,,0,0.23,904,802,,"1,309.00",0.000166751,克,立方米,销售,ZHANG,√,2018.01.01,9999.12.31
502成品罐,502成品罐,C05-160-0003,169样罐,502×169,罐,,398.8×173,,,0,0.28,0,0,6.334416,124.566,0.003217959,克,立方米,销售,GUAN,√,2018.01.01,9999.12.31
502罐身涂印铁大料,502罐身涂印铁大料,T15-160-0002,马口铁,T4CA 0.23×802×8712.8/2.8,张,,398.8×173,,,0,0.23,904,802,,"1,309.00",0.000166751,克,立方米,销售,ZHANG,,2018.01.01,9999.12.31
502成品罐,502成品罐,C05-160-0002,样罐（502×169）,502×169）,罐,,398.8×173,,,0,0.28,0,0,6.334416,124.566,0.003217959,克,立方米,销售,GUAN,√,2018.01.01,9999.12.31
401易开盖,401易开盖,P44-000-014,铁质拉环式“D”型易撕盖（环内外素铁）,401,pcs,,,,,,0,0,0,,0,0,克,立方米,通用,pcs,√,2018.01.01,9999.12.31
401胶盖,401胶盖,P54-000-008,光身无标记紫色直边胶盖,401,pcs,,39,,,,0,0,0,0.848842,0,0.002967429,克,立方米,通用,pcs,√,2018.01.01,9999.12.31
401底盖,401底盖,P34-000-083,单光印蓝筋底-24#(印蓝φ62mm)（0.21）,401,pcs,,,,,115.6,0,0,0,,0,0.000035357,克,立方米,通用,pcs,√,2021.01.01,9999.12.31
马口铁,马口铁,Y20-023-226,马口铁,T4CA-0.23×943(W)×870 2.8/2.8 R2 #,张,,,,,0,0.23,943,870,,"1,482.95",0,克,立方米,销售,ZHANG,√,2021.03.01,9999.12.31
服务性料品,服务性料品,9-000-001,起印费,,个,,,,,0,0,0,0,,0,0,克,立方米,,PIECE,√,2018.01.01,9999.12.31
服务性料品,服务性料品,9-000-061,采购运费,服务性料品-061,pcs,,,,,0,0,0,0,,0,0,克,立方米,通用,pcs,√,2018.01.01,9999.12.31
401罐身涂印铁大料,401罐身涂印铁大料,T14-050-1003,葆迪乐90g乳铁蛋白调制乳粉罐（罐）大料片,T4CA  0.21×943（W）×789  2.8/2.8 R2#,张,A0501003F,312.4×130.5,白瓷,四色+3专,0,0.23,867,943,0.99,"1,495.14",0.000188044,克,立方米,销售,ZHANG,√,2018.01.01,9999.12.31
401半成品罐小料片,401半成品罐小料片,D14-050-1003,葆迪乐90g乳铁蛋白调制乳粉罐(罐）小料片,401×150,片,A0501003F,312.4×130.5,白瓷,四色+专色,0,0,0,0,0.66,0,0.000008969,克,立方米,销售,PIAN,√,2018.01.01,9999.12.31
401成品罐,401成品罐,C04-050-1003,葆迪乐90g乳铁蛋白调制乳粉罐(罐）,401×127,罐,A0501003F,312.40×130.50mm,白瓷,四色+专色,0,0,0,0,8.400931,73.607,0.00138843,克,立方米,销售,GUAN,√,2023.06.08,9999.12.31
300底盖,300底盖,P32-000-018,单光印蓝筋点底-21#（印蓝φ54）,300,pcs,,,,,89,0,0,0,,0,0.000021214,克,立方米,通用,pcs,√,2021.06.01,9999.12.31
盖板,盖板,B20-000-006,免检木盖板,100×120cm,pcs,,1200×1000,,,0,0,0,0,,0,0,克,立方米,通用,pcs,√,2018.01.01,9999.12.31
托盘,托盘,B10-000-051,九脚胶托（黑色）,120×100×14cm,pcs,,1200×1000,,,0,0,0,0,,0,0,克,立方米,通用,pcs,√,2023.09.15,9999.12.31
马口铁,马口铁,Y20-021-162,马口铁,T4CA-0.21×943(W)×789 2.8/2.8 R2  #,张,,,,,0,0.21,943,789,,"1,226.53",0,克,立方米,销售,ZHANG,√,2018.01.01,9999.12.31
401底盖,401底盖,P34-000-072,单光筋底-24#（0.23）,401,pcs,,0.8×1,,,115.6,0,0,0,,0,0.000035357,克,立方米,通用,pcs,√,2021.10.19,9999.12.31
马口铁,马口铁,Y20-028-013,马口铁,T4CA-0.28×802(W)×866?2.8/2.8?R2 #,张,,,,,0,0.28,802,866,,"1,522.90",0.000194,克,立方米,销售,ZHANG,√,2022.02.01,9999.12.30
401胶盖,401胶盖,P54-000-0300,光身无标记白色直边胶盖,401#,pcs,,3102×102,,,115.6,0,0,0,0.001,0.001,0.000147366,克,立方米,通用,pcs,√,2025.02.01,9999.12.31
马口铁,马口铁,Y20-028-003,马口铁,T4CA-0.28×802(W)×904 2.8/2.8 R2,张,,,,,0,0.28,802,904,,"1,593.57",0,克,立方米,销售,ZHANG,√,2018.01.01,9999.12.31
502成品罐,502成品罐,C05-160-0001,样罐（502×175.5）,502×175.5,罐,,398.8×179.5,,,0,0.28,0,0,1.654199,129.246,0.003217959,克,立方米,销售,GUAN,√,2018.01.01,9999.12.31
502罐身涂印铁大料,502罐身涂印铁大料,T15-160-0001,长沙502×175.5打样（0.28）,T4CA 0.28×802×904,张,,398.8×179.5,,,0,0.23,904,802,,"1,309.00",0.000166751,克,立方米,销售,ZHANG,√,2018.01.01,9999.12.31
502拼版大料,502拼版大料,T95-342-0001,卓赋800g拼版大料片,T4CA-0.25×802(W)×851   2.8/2.8 R2,张,,398.8×169,,,0,0.25,802,886,1.7,"1,414.50",0.000177643,克,立方米,销售,ZHANG,√,2025.03.21,9999.12.31
502底盖,502底盖,P35-000-112,单光印蓝（白墨）筋点底-08#（印蓝φ62）,502,pcs,,,,,144.3,0,0,0,,0,0.00005,克,立方米,通用,pcs,√,2021.05.01,9999.12.31
502半成品罐小料片,502半成品罐小料片,D15-516-0063,合生元可贝思亲呵700克婴儿配方羊奶粉 （0-6月龄，1段）小料片,502×160,片,A516063F,398.8×164.5,白瓷,四色+三专,0,0,0,0,,126.8,0.000016151,克,立方米,销售,PIAN,√,2023.11.02,9999.12.31
502半成品罐小料片,502半成品罐小料片,D15-700-0063,悠熠2段直罐（400g）小料片,502×120,片,A700063F,398.8×120,白墨,四色+三专,0,0,0,0,,126.8,0.000016151,克,立方米,销售,PIAN,√,2023.11.02,9999.12.31
502半成品罐小料片,502半成品罐小料片,D15-700-0059,悠熠3段直罐（400g）小料片,502×120,片,A700059F,398.8×120,白墨,四色+三专,0,0,0,0,,126.8,0.000016151,克,立方米,销售,PIAN,√,2023.11.02,9999.12.31
502半成品罐小料片,502半成品罐小料片,D15-700-0064,达能益生冕御力中老年奶粉罐800G小料片,502×166.5,片,A700064F,398.8×166.5,白墨,四色+专色,0,0,0,0,,126.8,0.000016151,克,立方米,销售,PIAN,√,2023.11.02,9999.12.31
502半成品罐小料片,502半成品罐小料片,D15-700-057,爱他美悠熠3段直罐（800g）小料片,502×176,片,A700057F,398.8×180,白墨,四色+三专,0,0,0,0,,0,0.000015792,克,立方米,销售,PIAN,√,2023.07.24,9999.12.31
401成品罐,401成品罐,C04-000-008,401打样(海外健合401×85素铁罐20250728),,罐,,312.4×158.5,,,,0,0,0,0.848842,89.4,0.001259504,克,立方米,通用,GUAN,√,2018.01.01,9999.12.31
401成品罐,401成品罐,C04-000-9999,401打样（长沙）,401×145,罐,,312.4×148.5,,,,0,0,943,0,83.872,0.001126108,克,立方米,通用,GUAN,√,2018.01.01,9999.12.31
马口铁,马口铁,Y20-021-367,马口铁,T4CA-0.21×943(W)×764 2.0/2.0 R2 #(低镀锡量测试),张,,,,,,0.21,943,764,,"1,187.67",0.000151295,克,立方米,销售,ZHANG,√,2018.01.01,2026.04.05
401罐身涂印铁大料,401罐身涂印铁大料,T14-000-008,401打样大料片,T4CA-0.25×802×847,张,,312.4×152.5,内素铁，外白墨+光油或过光印哑,四色+两专,,0,0,802,,"1,333.11",0.000169823,克,立方米,通用,ZHANG,√,2018.01.01,9999.12.31
纸箱,纸箱,B50-000-0058,540×420×375mm胶框,540×420×375mm,个,,540×420×375mm,,,0,0,0,0,,0,0,克,立方米,通用,PIECE,√,2023.09.18,9999.12.31
托盘,托盘,B10-000-005,胶托（小料片周转使用）,50×100cm,pcs,,,,,0,0,0,0,,0,0,克,立方米,,pcs,√,2018.01.01,9999.12.31
401成品罐,401成品罐,C04-062-551,225克爷爷的农场有机婴幼儿强化钙米粉（红枣黑米黑芝麻味）铁罐,401×140,罐,A062551F,312.4×143.5,白墨,四色+三专,0,0,0,0,,0,0.00138843,克,立方米,销售,GUAN,√,2018.01.01,9999.12.31
401易开盖,401易开盖,P44-000-016,铁质点胶式“D”型易撕盖（环内外素铁）,401,pcs,,,,,,0,0,0,,0,0,克,立方米,通用,pcs,√,2019.01.01,9999.12.31
马口铁,马口铁,Y20-025-153,马口铁,"T4CA-0.25×802(W)×839?2.8/2.8?R2 #  (武钢,一类铁）",张,,,,,0,0.25,802,839,,"1,320.52",0,克,立方米,销售,ZHANG,√,2024.07.12,9999.02.15
502成品罐,502成品罐,X05-700-006,达能益生502×162.5胶托包装（倒盖川字胶托）,胶托、胶盖板、川字胶托、单坑瓦楞纸板、单坑覆膜纸板 、70罐、6层,套,,,,,,0,0,0,,0,0,克,立方米,销售,SET,√,2022.11.25,9999.12.31
401易开盖,401易开盖,P44-000-025,铁质“O”型易撕盖（外光油内素铁）,401,pcs,,,,,,0,0,0,,0,0,克,立方米,通用,pcs,√,2018.01.01,9999.12.31
502成品罐,502成品罐,C05-700-064,达能益生冕御力中老年奶粉罐800G,502×162.5,罐,A700064F,398.8×166.5,白墨,四色+专色,0,0.25,839,802,0.848842,130.31,0.002056619,克,立方米,销售,GUAN,√,2018.01.01,9999.12.31
401底盖,401底盖,P34-000-055,单光印蓝筋点底-34（印蓝φ63）,401,pcs,,,,,115.6,0,0,0,,0,0.000035357,克,立方米,通用,pcs,√,2019.01.01,9999.12.31
马口铁,马口铁,Y20-023-137,马口铁,T4CA-0.23×943(W)×789 2.8/2.8 R2,张,,,,,0,0.23,943,789,,"1,343.34",0,克,立方米,销售,ZHANG,√,2018.01.01,9999.12.31
401成品罐,401成品罐,X04-050-0001,亚泽401包装,胶托、胶盖板、覆膜纸板.‘单坑纸板.打包带. 缠绕膜、每层121罐、7层,套,,0,,,0,0,0,0,,0,0,克,立方米,销售,SET,√,2018.01.01,9999.12.31
401罐身涂印铁大料,401罐身涂印铁大料,T14-050-0003,葆迪乐90g乳铁蛋白调制乳粉罐大料片,T4CA  0.21×943（W）×789  2.8/2.8 R2#,张,A0501003F,312.4×130.5,白瓷+光油,四色+3专,0,0.23,867,943,,"1,495.14",0.000188044,克,立方米,销售,ZHANG,,2018.01.01,9999.12.31
401半成品罐小料片,401半成品罐小料片,D14-050-0003,葆迪乐90g乳铁蛋白调制乳粉罐小料片,401×150,片,A0501003F,312.4×130.5,白瓷,四色+专色,0,0,0,0,,0,0.000008969,克,立方米,销售,PIAN,√,2018.01.01,9999.12.31
401成品罐,401成品罐,C04-050-0003,葆迪乐90g乳铁蛋白调制乳粉罐,401×127,罐,A0501003F,312.40×130.50mm,白瓷,四色+专色,0,0,0,0,8.400931,73.607,0.00138843,克,立方米,销售,GUAN,,2023.06.08,9999.12.31
502易开盖,502易开盖,P45-000-012,拉环式“D”型易撕盖(环内外素铁）,502,pcs,,,,,,0,0,0,,0,0.0015,克,立方米,通用,pcs,√,2018.01.01,9999.12.31
服务性料品,服务性料品,9-000-054,销售运费,服务性料品-所有客户-054,pcs,,,,,0,0,0,0,,0,0,克,立方米,,pcs,√,2018.01.01,9999.12.31
其它包材类,其它包材类,B90-000-065,机打包带,0.6×12mm,KG,,,,,0,0,0,0,,0,0,克,立方米,,KG,√,2018.01.01,9999.12.31
502罐身涂印铁大料,502罐身涂印铁大料,T15-700-064,达能益生冕御力中老年奶粉罐800G大料片,T4CA-0.25×802(W)×839 2.8/2.8 R2,张,A700064F,398.8×166.5,白墨,四色+专色,,0,0,802,,"1,320.52",0.00016822,克,立方米,销售,ZHANG,√,2023.07.24,9999.12.31
马口铁,马口铁,Y20-021-155,马口铁,T4CA-0.21×943(W)×891 2.8/2.8 R2  #,张,,,,,0,0.21,943,891,,"1,385.09",0,克,立方米,销售,ZHANG,√,2018.01.01,9999.12.31
401罐身涂印铁大料,401罐身涂印铁大料,T14-050-1002,亚泽好健康150g乳铁蛋白调制乳粉罐大料片,T4CA  0.23×943（W）×927  2.8/2.8 R2#,张,A0501002F,312.4×153.7,白墨，光油,四色+两专色,0,0.23,867,943,,"1,578.30",0.000188044,克,立方米,销售,ZHANG,√,2018.01.01,9999.12.31
401半成品罐小料片,401半成品罐小料片,D14-050-1002,亚泽好健康150g乳铁蛋白调制乳粉罐小料片,401×150,片,A0501002F,312.4×153.8,白墨+光油,四色+两专色,0,0,0,0,,86.69,0.000010549,克,立方米,销售,PIAN,√,2018.01.01,9999.12.31
401成品罐,401成品罐,C04-050-1002,亚泽好健康150g乳铁蛋白调制乳粉罐,401×150,罐,A0501002F,312.40×153.8,白墨+光油,四色+两专色,0,0,0,0,,86.69,0.00138843,克,立方米,销售,GUAN,√,2023.06.08,9999.12.31
502易开盖,502易开盖,P45-000-017,铁质点胶式“D”型易撕盖（环内外素铁）,502,pcs,,,,,,0,0,0,,0,0,克,立方米,通用,pcs,√,2023.01.01,9999.12.31
401罐身涂印铁大料,401罐身涂印铁大料,T14-050-1001,亚泽好健康60g复合粉固体饮料罐大料片,T4CA  0.23×943（W）×871  2.8/2.8 R2#,张,A0501001F,312.4×123.5,白瓷,四色+专紫,0,0.23,867,943,,"1,495.14",0.000188044,克,立方米,销售,ZHANG,√,2018.01.01,9999.12.31
401半成品罐小料片,401半成品罐小料片,D14-050-1001,亚泽好健康60g复合粉固体饮料罐小料片,401×120,片,A0501001F,312.4×123.5,白瓷,四色+专色,0,0,0,0,,0,0.000008487,克,立方米,销售,PIAN,√,2018.01.01,9999.12.31
401成品罐,401成品罐,C04-050-1001,亚泽好健康60g复合粉固体饮料罐,401×120,罐,A0501001F,312.40×123.50mm,白瓷,四色+专色,0,0,0,0,0.633782,69.659,0.00138843,克,立方米,销售,GUAN,√,2023.06.08,9999.12.31
502打码易撕盖,502打码易撕盖,P25-342-0001,"铁质D型易撕盖(环内外素铁,中间小圆35mm,展辉内外赋码）",502#-铁质-点胶-D型-环内外素铁-铝箔,pcs,,,,,0,0,0,0,,0,0,克,立方米,销售,pcs,√,2025.03.19,9999.04.21
马口铁,马口铁,Y20-028-031,马口铁,T4CA-0.28×802(W)×851?2.8/2.8?R2 # （武钢，无内涂）,张,,,,,,0.28,802,851,,"1,500.14",0.000191101,克,立方米,销售,ZHANG,√,2022.02.01,9999.12.30
马口铁,马口铁,Y20-025-119,马口铁,T4CA-0.25×802(W)×851 2.8/2.8 R2 #,张,,,,,0,0.25,802,851,,"1,339.41",0,克,立方米,销售,ZHANG,√,2022.05.01,9999.04.21
502成品罐,502成品罐,X05-342-0001,卓赋502#包装,胶托、胶盖板，单坑瓦楞隔板、单坑覆膜纸板、缠绕膜、每层70罐、6层,套,,398.8×181,,,0,0,0,0,,0,0,克,立方米,销售,SET,√,2019.12.03,9999.12.31
502罐身涂印铁大料,502罐身涂印铁大料,T15-342-0111,卓赋900g幼儿配方奶粉罐大料片,T4CA-0.28×802(W)×851 2.8/2.8  R2,张,A3420111F,398.8×169,白墨,四色+专色+橘皮油,0,0.25,816,802,1.5,"1,284.32",0.000163608,克,立方米,销售,ZHANG,√,2023.01.01,9999.12.31
502罐身涂印铁大料,502罐身涂印铁大料,T15-342-0110,卓赋900g较大婴儿配方奶粉罐大料片,T4CA-0.28×802(W)×851 2.8/2.8  R2,张,A3420110F,398.8×169,白墨,四色+专色+橘皮油,0,0.25,816,802,1.5,"1,284.32",0.000163608,克,立方米,销售,ZHANG,√,2023.01.01,9999.12.31
502罐身涂印铁大料,502罐身涂印铁大料,T15-342-0109,卓赋900g婴儿配方奶粉罐大料片,T4CA-0.28×802(W)×851 2.8/2.8  R2,张,A3420109F,398.8×169,白墨,四色+专色+橘皮油,0,0.25,816,802,1.5,"1,284.32",0.000163608,克,立方米,销售,ZHANG,√,2023.01.01,9999.12.31
502半成品罐小料片,502半成品罐小料片,D15-342-0111,卓赋900g幼儿配方奶粉罐小料片,502×169,片,A3420111F,398.8×169,白墨,四色+专色+橘皮油,0,0,0,0,1.5,126.8,0.000016151,克,立方米,销售,PIAN,√,2023.01.01,9999.12.31
502半成品罐小料片,502半成品罐小料片,D15-342-0110,卓赋900g较大婴儿配方奶粉罐小料片,502×169,片,A3420110F,398.8×169,白墨,四色+专色+橘皮油,0,0,0,0,1.5,126.8,0.000016151,克,立方米,销售,PIAN,√,2023.01.01,9999.12.31
502半成品罐小料片,502半成品罐小料片,D15-342-0109,卓赋900g婴儿配方奶粉罐小料片,502×169,片,A3420109F,398.8×169,白墨,四色+专色+橘皮油,0,0,0,0,1.5,126.8,0.000016151,克,立方米,销售,PIAN,√,2023.01.01,9999.12.31
502成品罐,502成品罐,C05-342-0111,卓赋900g幼儿配方奶粉罐,502×165,罐,A3420111F,398.8×169,白墨,四色+专色+橘皮油,126.5,0.25,162,398.8,1.5,126.8,0.003217959,克,立方米,销售,GUAN,√,2023.01.01,9999.12.31
502成品罐,502成品罐,C05-342-0110,卓赋900g较大婴儿配方奶粉罐,502×165,罐,A3420110F,398.8×169,白墨,四色+专色+橘皮油,126.5,0.25,162,398.8,1.5,126.8,0.003217959,克,立方米,销售,GUAN,√,2023.01.01,9999.12.31
502成品罐,502成品罐,C05-342-0109,卓赋900g婴儿配方奶粉罐,502×165,罐,A3420109F,398.8×169,白墨,四色+专色+橘皮油,126.5,0.25,162,398.8,1.5,126.8,0.003217959,克,立方米,销售,GUAN,√,2023.01.01,9999.12.31
502罐身涂印铁大料,502罐身涂印铁大料,T15-342-0108,卓赋800g幼儿配方奶粉罐大料片,T4CA-0.25×802(W)×851 2.8/2.8  R2,张,A3420108F,398.8×169,白墨,四色+专色,0,0.25,816,802,1.5,"1,284.32",0.000163608,克,立方米,销售,ZHANG,√,2023.01.01,9999.12.31
502罐身涂印铁大料,502罐身涂印铁大料,T15-342-0107,卓赋800g较大婴儿配方奶粉罐大料片,T4CA-0.25×802(W)×851 2.8/2.8  R2,张,A3420107F,398.8×169,白墨,四色+专色,0,0.25,816,802,1.5,"1,284.32",0.000163608,克,立方米,销售,ZHANG,√,2023.01.01,9999.12.31
502罐身涂印铁大料,502罐身涂印铁大料,T15-342-0106,卓赋800g婴儿配方奶粉罐大料片,T4CA-0.25×802(W)×851 2.8/2.8  R2,张,A3420106F,398.8×169,白墨,四色+专色,0,0.25,816,802,1.5,"1,284.32",0.000163608,克,立方米,销售,ZHANG,√,2023.01.01,9999.12.31
502半成品罐小料片,502半成品罐小料片,D15-342-0108,卓赋800g幼儿配方奶粉罐小料片,502×169,片,A3420108F,398.8×169,白墨,四色+专色,0,0,0,0,1.5,126.8,0.000016151,克,立方米,销售,PIAN,√,2023.01.01,9999.12.31
502半成品罐小料片,502半成品罐小料片,D15-342-0107,卓赋800g较大婴儿配方奶粉罐小料片,502×169,片,A3420107F,398.8×169,白墨,四色+专色,0,0,0,0,1.5,126.8,0.000016151,克,立方米,销售,PIAN,√,2023.01.01,9999.12.31
502半成品罐小料片,502半成品罐小料片,D15-342-0106,卓赋800g婴儿配方奶粉罐小料片,502×169,片,A3420106F,398.8×169,白墨,四色+专色,0,0,0,0,1.5,126.8,0.000016151,克,立方米,销售,PIAN,√,2023.01.01,9999.12.31
502成品罐,502成品罐,C05-342-0108,卓赋800g幼儿配方奶粉罐,502×165,罐,A3420108F,398.8×169,白墨,四色+专色,126.5,0.25,162,398.8,1.5,126.8,0.003217959,克,立方米,销售,GUAN,√,2023.01.01,9999.12.31
502成品罐,502成品罐,C05-342-0107,卓赋800g较大婴儿配方奶粉罐,502×165,罐,A3420107F,398.8×169,白墨,四色+专色,126.5,0.25,162,398.8,1.5,126.8,0.003217959,克,立方米,销售,GUAN,√,2023.01.01,9999.12.31
502成品罐,502成品罐,C05-342-0106,卓赋800g婴儿配方奶粉罐,502×165,罐,A3420106F,398.8×169,白墨,四色+专色,126.5,0.25,162,398.8,1.5,126.8,0.003217959,克,立方米,销售,GUAN,√,2023.01.01,9999.12.31
五金用品,五金用品,F10-000-008,碎纯铜线,,克,,,,,0,0,0,0,,0,0,克,立方米,,G,√,2018.01.01,9999.12.31
502底盖,502底盖,P35-000-128,单光印蓝筋点底-08#（印蓝直径66mm）,502,pcs,,,,,144.3,0,0,0,,0,0.00005,克,立方米,通用,pcs,√,2022.04.08,9999.12.31
502胶盖,502胶盖,P55-000-0600,白金双色无标记高盖,502胶盖,pcs,,0,,"胶盖身PANTONE7509C,胶盖顶PANTONE7500C,",131,0,0,0,,55.16,0.000625,克,立方米,通用,pcs,√,2025.02.11,9999.12.31
502成品罐,502成品罐,X05-867-0001,草牧里502包装,胶托、C坑瓦楞隔板、单坑覆膜纸板、缠绕膜、每层70罐、7层,套,,398.8×181,,,0,0,0,0,,0,0,克,立方米,销售,SET,√,2019.12.03,9999.12.31
马口铁,马口铁,Y20-025-0154,马口铁,"T4CA-0.25×802(W)×881?2.8/2.8?R2?#   (武钢,一类铁）",张,,,,,0,0.25,802,881,,"1,386.63",0,克,立方米,销售,ZHANG,√,2024.07.12,9999.02.15
502成品罐,502成品罐,X05-000-170,502成品罐包装（厨邦）,胶托、C坑瓦楞隔板、单坑覆膜纸板、缠绕膜、每层70罐、7层,套,,,,,0,0,0,0,,0,0,克,立方米,通用,SET,√,2019.12.03,9999.12.31
马口铁,马口铁,Y20-030-999,打样马口铁,T3CA-0.25×925(W)×931 2.8/2.8 R2  #,张,,,,,,0.19,925,931,,"1,174.42",0,克,立方米,销售,ZHANG,√,2018.01.01,9999.12.31
盖板,盖板,B20-000-001,木盖板,100×120cm,pcs,,,,,0,0,0,0,,0,0,克,立方米,,pcs,√,2018.01.01,9999.12.31
托盘,托盘,B10-000-001,木托,100×120×12cm,pcs,,,,,0,0,0,0,,0,0,克,立方米,通用,pcs,√,2018.01.01,9999.12.31
服务性料品,服务性料品,9-000-034,维修费,,pcs,,,,,0,0,0,0,,0,0,克,立方米,,pcs,√,2018.01.01,9999.12.31
502成品罐,502成品罐,X05-000-026,502成品罐包装,木托、木盖板、C33单坑瓦楞纸板、PE膜、缠绕膜、每层70罐、7层,套,木托、木盖板、C33单坑瓦楞纸板、PE膜、缠绕膜、每层70罐、7层,,,,0,0,0,0,,0,0,克,立方米,销售,SET,√,2018.01.01,9999.12.31
502半成品罐小料片,502半成品罐小料片,D15-867-0004,草牧里400g后生元驼乳粉小料片,502×174,片,A867004F,398.8×178,白瓷+哑油,四色+专色,0,0,0,0,,0,0.000015353,克,立方米,销售,PIAN,√,2018.01.01,9999.12.31
502罐身涂印铁大料,502罐身涂印铁大料,T15-867-0004,草牧里400g后生元驼乳粉大料片,T4CA-0.25×802（W）×896  2.8/2.8 R2,张,A867004F,398.8×178,白磁+哑油,四色+专色,0,0.25,881,802,1.7,"1,394.50",0.000177643,克,立方米,销售,ZHANG,√,2023.10.01,9999.12.31
502成品罐,502成品罐,C05-867-0004,草牧里400g后生元驼乳粉,502×174,罐,A867004F,398.8×178,白瓷+哑油,四色+专色,0,0,0,0,1.699917,158.83,0.003228571,克,立方米,销售,GUAN,√,2018.01.01,9999.12.31
502易开盖,502易开盖,P45-000-065,铁质点胶式“O”型易撕盖（环内外素铁）（首钢铁+Amcor铝箔）,502#,pcs,,,,,0,0,0,0,,0,0,克,立方米,通用,pcs,√,2018.01.01,9999.03.30
马口铁,马口铁,Y20-023-333,马口铁,"T4CA-0.23×802(W)×732?2.8/2.8?R2?  (武钢,一类铁）",张,,,,,0,0.23,802,732,,"1,059.94",0,克,立方米,销售,ZHANG,√,2023.09.19,9999.04.01
马口铁,马口铁,Y20-023-332,马口铁,"T4CA-0.23×802(W)×913?2.8/2.8?R2 #  (武钢,一类铁）",张,,,,,0,0.23,802,913,,"1,322.03",0,克,立方米,通用,ZHANG,√,2023.09.19,9999.04.01
盖板,盖板,B20-000-100,不锈钢盖板,90×110cm,pcs,,,,,0,0,0,0,,0,0,克,立方米,,pcs,√,2018.01.01,9999.12.31
纸板,纸板,B60-000-109,A4B单坑瓦楞纸板,110×90cm,张,,,,,0,0,0,0,,0,0,克,立方米,通用,ZHANG,√,2018.01.01,9999.12.31
502底盖,502底盖,P35-213-001,单光印蓝筋点底-08#（白墨印蓝62mm）赋码底盖（正面二维码，反面字符串）（安琪纽特）,502,pcs,,,,,144.3,0,0,0,,29.9,0.00005,克,立方米,销售,pcs,√,2022.02.10,9999.04.30
502成品罐,502成品罐,X05-000-505,安琪90×110成品包装,胶托.胶盖板.A4B单坑瓦楞纸板.缠绕膜（机膜）.打包带.每层54罐.共6层,套,,,,,0,0,0,0,,0,0,克,立方米,通用,SET,√,2018.01.01,9999.12.31
盖板,盖板,B10-000-036,安琪专用胶盖板,110×90×2（cm）(长×宽×高）,pcs,,,,,0,0,0,0,,0,0,克,立方米,通用,pcs,√,2018.01.01,9999.12.31
502罐身涂印铁大料,502罐身涂印铁大料,T15-213-110,安琪纽特900g富硒高钙中老年配方奶粉罐大料铁,T4CA-0.23×802(W)×732 2.82.8 R2,张,A213110F,398.8×181.5,白墨,四色+三专色,0,0.23,913,802,15.17,"1,322.03",0.000182646,克,立方米,销售,ZHANG,√,2018.01.01,9999.12.31
502成品罐,502成品罐,C05-213-110,安琪纽特900g富硒高钙中老年配方奶粉罐,502×177,罐,A213110F,398.8×181.5,白墨,四色+三专色,0,0,0,0,1.517342,130.69,0.003228571,克,立方米,销售,GUAN,√,2018.01.01,9999.12.31
401底盖,401底盖,P34-000-078,单光印蓝筋点底-23#(印蓝ф 62mm) （0.23）,401,pcs,,,,,115.6,0,0,0,,0,0.000035357,克,立方米,通用,pcs,√,2020.12.21,9999.12.31
盖板,盖板,B20-000-003,胶盖板,1000×1200mm,pcs,,,,,0,0,0,0,,0,0,克,立方米,通用,pcs,√,2018.01.01,9999.12.31
托盘,托盘,B20-000-036,安琪专用胶托,110×90×14（cm）(长×宽×高）,pcs,,,,,0,0,0,0,,0,0,克,立方米,通用,pcs,√,2018.01.01,9999.12.31
其它包材类,其它包材类,B90-000-001,塑料打包带,18×0.96mm,KG,,,,,0,0,0,0,,0,0,克,立方米,通用,KG,√,2018.01.01,9999.12.31
薄膜,薄膜,B40-000-012,PO袋,0.025×1240×1040×1400mm,pcs,,,,,0,0,0,0,,0,0,克,立方米,通用,pcs,√,2018.01.01,9999.12.31
纸板,纸板,B60-000-060,A3B单坑瓦楞纸板,900×1100,张,,,,,0,0,0,0,,0,0,克,立方米,通用,ZHANG,√,2018.01.01,9999.12.31
薄膜,薄膜,B40-000-001,PE膜,0.03×1800×1600mm,张,,,,,0,0,0,0,,0,0,克,立方米,通用,ZHANG,√,2018.01.01,9999.12.31
502罐身涂印铁大料,502罐身涂印铁大料,T15-213-109,400g安琪纽特酵母蛋白粉运动营养食品（补充蛋白质类）大料铁,T4CA-0.25×802（W）×776  2.8/2.8 R2,张,A213109F,398.8×154mm,白墨,四色+一专色,0,0.25,776,802,16.08,"1,219.79",0.0001606,克,立方米,销售,ZHANG,√,2018.01.01,9999.12.31
菲林印刷辅材,菲林印刷辅材,F40-000-077,稀释剂60598,,KG,,,,,0,0,0,0,,0,0,克,立方米,通用,KG,√,2018.01.01,9999.12.31
502成品罐,502成品罐,X05-213-000,安琪502*150包装,502安琪专用胶托、胶盖板、C33单坑瓦楞纸板、PE膜、PO袋、缠绕膜、每层54罐、7层品罐,套,,,,,0,0,0,0,,0,0,克,立方米,销售,SET,√,2018.01.01,9999.12.31
502易开盖,502易开盖,P45-000-016,铁质点胶式“D”型易撕盖（环外光油内素铁）,502,pcs,,,,,0,0,0,0,,0,0,克,立方米,通用,pcs,√,2018.01.01,9999.12.31
502成品罐,502成品罐,C05-213-109,400g安琪纽特酵母蛋白粉运动营养食品（补充蛋白质类）,502×150,罐,A213109F,398.8*154,白墨,四色+一专,0,0,0,0,1.60925,120.37,0.000002,克,立方米,销售,GUAN,√,2018.01.01,9999.12.31
盖板,盖板,B20-000-023,不锈钢盖板（达能）,长1200×宽1000×厚30mm（材质304不锈钢）,pcs,,,,,0,0,0,0,,0,0,克,立方米,通用,pcs,√,2022.12.01,9999.12.31
五金用品,五金用品,F10-000-003,红色纯铜线,φ1.38,KG,,,,,0,0,0,0,,0,0,克,立方米,通用,KG,√,2018.01.01,9999.12.31
其它包材类,其它包材类,B90-000-027,黄色塑料打包带（手用）,14.5mm×1.05mm     10KG,KG,,,,,0,0,0,0,,0,0,克,立方米,通用,KG,√,2018.01.01,9999.12.31
菲林印刷辅材,菲林印刷辅材,F40-000-074,食用酒精,,KG,,,,,0,0,0,0,,0,0,克,立方米,通用,KG,√,2018.01.01,9999.12.31
托盘,托盘,B10-000-062,铁托盘,810×830×125mm,pcs,,,,,0,0,0,0,,0,0,克,立方米,通用,pcs,√,2023.03.01,9999.12.30
502罐身涂印铁大料,502罐身涂印铁大料,T15-000-008,502#打样大料片1-贝因美,T4CA-0.23x802(W)x866?2.8/2.8?R2#,张,,398.8×180,白瓷+过光油，内素铁,四色+两专,0,0.23,906,802,,"1,253.40",0.000167121,克,立方米,通用,ZHANG,√,2018.01.01,9999.12.31
502半成品罐小料片,502半成品罐小料片,D15-700-047,Aptamil Goat S3 400G （爱他美卓徉）小料片,502×116,片,A700047F,398.8×120,白墨,四色+专色,0,0,0,0,,0,0.000010528,克,立方米,销售,PIAN,√,2022.11.25,9999.12.31
服务性料品,服务性料品,9-000-024,服务费,,pcs,,,,,0,0,0,0,,0,0,克,立方米,通用,pcs,√,2018.01.01,9999.12.31
服务性料品,服务性料品,9-000-023,油卡费用,,pcs,,,,,0,0,0,0,,0,0,克,立方米,通用,pcs,√,2018.01.01,9999.12.31
服务性料品,服务性料品,9-000-022,物料消耗品,,pcs,,,,,0,0,0,0,,0,0,克,立方米,通用,pcs,√,2018.01.01,9999.12.31
服务性料品,服务性料品,9-000-021,劳保用品,,pcs,,,,,0,0,0,0,,0,0,克,立方米,通用,pcs,√,2018.01.01,9999.12.31
服务性料品,服务性料品,9-000-020,低值易耗品,,pcs,,,,,0,0,0,0,,0,0,克,立方米,通用,pcs,√,2018.01.01,9999.12.31
服务性料品,服务性料品,9-000-019,文具用品,,pcs,,,,,0,0,0,0,,0,0,克,立方米,通用,pcs,√,2018.01.01,9999.12.31
502打码易撕盖,502打码易撕盖,P25-000-006,中间35mm圆赋码前易撕盖,502#-铁质-拉舌-O型-环内外素铁-铝箔,pcs,,,,,0,0,0,0,,0,0,克,立方米,通用,pcs,√,2022.09.29,9999.12.31
纸箱,纸箱,B50-000-050,502#底盖纸箱（飞鹤专用）,A=B 42×28×20.5cm(内尺寸）,个,,,,,0,0,0,0,,0,0,克,立方米,通用,PIECE,√,2023.06.15,9999.12.31
薄膜,薄膜,B40-000-026,透明拉伸膜（手用）,0.02×450mm,KG,,,,,0,0,0,0,,0,0,克,立方米,通用,KG,√,2018.01.01,9999.12.31
马口铁,马口铁,Y20-023-172,马口铁,T4CA-0.23×802(W)×854 2.8/2.8 R2 #,张,,,,,0,0.23,802,854,,"1,236.60",0,克,立方米,销售,ZHANG,√,2018.01.01,9999.12.31
薄膜,薄膜,B40-000-007,PVC热收缩袋,0.03×240×460mm,pcs,,,,,0,0,0,0,,0,0,克,立方米,通用,pcs,√,2018.01.01,9999.12.31
薄膜,薄膜,B40-000-017,PO袋,0.035×2400×2000mm,pcs,,,,,0,0,0,0,,0,0,克,立方米,通用,pcs,√,2018.01.01,9999.12.31
502成品罐,502成品罐,X05-943-001,湖南乳宝斋502×165胶托盘包装,胶托、胶盖板、单坑瓦楞纸板、单坑覆膜纸板、PO袋、70罐、6层,套,,,,,0,0,0,0,,0,0,克,立方米,销售,SET,√,2021.04.01,9999.12.31
502罐身涂印铁大料,502罐身涂印铁大料,T15-342-104,800g卓赋幼儿配方奶粉（12-36月龄，3段）大料片,T4CA  0.23×802(W)×854 2.8/2.8 R2,张,A342104F,398.8×169.5,白瓷,四色+专蓝,0,0.23,854,802,,"1,236.60",0.000157529,克,立方米,销售,ZHANG,√,2018.01.01,9999.12.31
502成品罐,502成品罐,C05-342-104,800g卓赋幼儿配方奶粉（12-36月龄，3段）,502×165,罐,A342104F,398.8×169.5,白瓷,四色+专蓝,0,0,0,0,1.614478,122.046,0.002828571,克,立方米,销售,GUAN,√,2018.01.01,9999.12.31
马口铁,马口铁,Y20-023-021,马口铁,T4CA-0.23×802(W)×829 2.8/2.8 R2,张,,,,,0,0.23,802,829,,"1,200.40",0,克,立方米,销售,ZHANG,√,2018.01.01,9999.12.31
502拼版大料,502拼版大料,T95-700-004,达能502×116无滚筋系列拼版大料片,T4CA-0.25×802(W)×846 2.8/2.8 R2,张,,398.8×120,,,0,0.25,846,802,,"1,331.54",0.000169623,克,立方米,销售,ZHANG,√,2022.11.25,9999.12.31
服务性料品,服务性料品,9-000-053,废小料片,废小料片,公斤,,,,,0,0,0,0,,0,0,公斤,立方米,通用,W013,√,2018.01.01,9999.12.31
401成品罐,401成品罐,X04-516-001,合生元401×125.8成品包装,胶托、胶盖板 、单坑瓦楞纸板、单坑覆膜纸板、缠绕膜、川字胶托、121罐、7层,套,,,,,0,0,0,0,,0,0,克,立方米,销售,SET,√,2021.04.01,9999.12.31
502易开盖,502易开盖,P45-000-019,铁质点胶式“D”型易撕盖（环内外素铁，无加强筋）,502,pcs,,,,,0,0,0,0,,0,0,克,立方米,通用,pcs,√,2018.01.01,9999.12.31
502打码易撕盖,502打码易撕盖,P25-516-001,合生元（双码35mm圆）,502#-铁质-点胶-D型-环内外素铁-铝箔,pcs,,,,,0,0,0,0,,0,0.000177643,克,立方米,销售,pcs,√,2022.09.29,9999.03.30
白磁,白磁,H21-000-069,翔远FC2900-0-5435白磁油,,KG,,,,,0,0,0,0,,0,0,克,立方米,通用,KG,√,2021.04.01,9999.12.31
光油,光油,H24-000-022,翔远?FC1900-5?光油,,KG,,,,,0,0,0,0,,0,0,克,立方米,通用,KG,√,2021.11.07,9999.12.31
马口铁,马口铁,Y20-021-366,马口铁,T4CA-0.21×943(W)×911 2.8/2.8 R2 #,张,,,,,0,0.21,943,911,,"1,397.53",0.000178029,克,立方米,销售,ZHANG,√,2019.05.01,9999.05.15
马口铁,马口铁,Y20-023-240,马口铁,T4CA-0.23×802(W)×894 2.8/2.8 R2 #,张,,,,,0,0.23,802,894,,"1,294.52",0,克,立方米,销售,ZHANG,√,2021.10.01,9999.12.31
马口铁,马口铁,Y20-025-071,马口铁,T4CA-0.25×802(W)×810?2.8/2.8?R2,张,,,,,0,0.25,802,810,,"1,274.88",0,克,立方米,销售,ZHANG,√,2020.05.13,9999.12.31
401打码易撕盖,401打码易撕盖,P24-516-001,合生元（双码35mm圆）,401#-铁质-点胶-D型-环内外素铁-铝箔,pcs,,,,,0,0,0,0,,0,0.00000001,克,立方米,销售,pcs,√,2022.10.01,9999.10.31
502成品罐,502成品罐,X05-516-003,合生元502×155胶托盘包装,胶托、胶盖板、单坑瓦楞纸板、单坑覆膜纸板、70罐、6层,套,,,,,0,0,0,0,,0,0,克,立方米,销售,SET,√,2023.06.01,9999.12.31
502成品罐,502成品罐,X05-516-002,合生元502×160胶托盘包装,胶托、胶盖板、单坑瓦楞纸板、单坑覆膜纸板、70罐、6层,套,,,,,0,0,0,0,,0,0,克,立方米,销售,SET,√,2023.06.01,9999.12.31
502成品罐,502成品罐,X05-516-001,合生元502×173.1胶托盘包装,胶托、胶盖板、单坑瓦楞纸板、单坑覆膜纸板、70罐、6层,套,,,,,0,0,0,0,,0,0,克,立方米,销售,SET,√,2021.04.01,9999.12.31
401罐身涂印铁大料,401罐身涂印铁大料,T14-516-026,合生元可贝思亲呵350克幼儿配方羊奶粉 （12-36月龄，3段）大料片,T4CA  0.21×943×911,张,A516026F,312.4×129.3,白瓷,四色+四专,0,0.21,911,943,,"1,416.18",0.000180405,克,立方米,销售,ZHANG,√,2023.06.08,9999.12.31
401罐身涂印铁大料,401罐身涂印铁大料,T14-516-025,合生元可贝思亲呵350克较大婴儿配方羊奶 粉（6-12月龄，2段）大料片,T4CA  0.21×943×911,张,A516025F,312.4×129.3,白瓷,四色+四专,0,0.21,911,943,,"1,416.18",0.000180405,克,立方米,销售,ZHANG,√,2023.06.08,9999.12.31
401罐身涂印铁大料,401罐身涂印铁大料,T14-516-060,合生元可贝思亲呵350克婴儿配方羊奶粉 （0-6月龄，1段）大料片,T4CA-0.23x943(W)x911 2.8/2.8 R2,张,A516060F,312.4×129.3,白瓷,四色+四专,0,0.21,911,943,,"1,416,182.00",0.000180405,克,立方米,销售,ZHANG,√,2023.06.08,9999.12.31
502罐身涂印铁大料,502罐身涂印铁大料,T15-516-020,满乐900g幼儿配方奶粉（12-36月 龄，3段）大料片,T4CA-0.23×802(W)×894 2.8/2.8 R2,张,A516020F,398.8×177.6,白瓷,四色+三专,0,0.23,894,802,,"1,294.52",0.000164907,克,立方米,销售,ZHANG,√,2018.01.01,9999.12.31
502罐身涂印铁大料,502罐身涂印铁大料,T15-516-019,满乐900g较大婴儿配方奶粉（6-12月 龄，2段）大料片,T4CA-0.23×802(W)×894 2.8/2.8 R2,张,A516019F,398.8×177.6,白瓷,四色+三专,0,0.23,894,802,,"1,294.52",0.000164907,克,立方米,销售,ZHANG,√,2018.01.01,9999.12.31
502罐身涂印铁大料,502罐身涂印铁大料,T15-516-012,合生元贝素贝加900g幼儿配方奶粉（12-36月 龄，3段）大料片,T4CA-0.23×802(W)×894 2.8/2.8 R2,张,A516012F,398.8×177.6,白瓷,四色+三专,0,0.23,894,802,,"1,294.52",0.000164907,克,立方米,销售,ZHANG,√,2018.01.01,9999.12.31
502罐身涂印铁大料,502罐身涂印铁大料,T15-516-045,合生元满乐700克较大婴儿配方奶粉（6-12月龄，2段）大料片,T4CA-0.23×802(W)×829 2.8/2.8 R2,张,A516045F,398.8×164.5mm,白瓷,四色+四专,0,0.23,829,802,,"1,200.40",0.000152917,克,立方米,销售,ZHANG,√,2023.08.01,9999.12.31
502罐身涂印铁大料,502罐身涂印铁大料,T15-516-044,合生元满乐700克婴儿配方奶粉（0-6月龄，1段）大料片,T4CA-0.23×802(W)×829 2.8/2.8 R2,张,A516044F,398.8×164.5mm,白瓷,四色+四专,0,0.23,829,802,,"1,200.40",0.000152917,克,立方米,销售,ZHANG,√,2023.08.01,9999.12.31
502罐身涂印铁大料,502罐身涂印铁大料,T15-516-029,合生元派星天呵700g幼儿配方奶粉大料片（12-36月龄，3段）,T4CA-0.23×802(W)×829 2.8/2.8 R2,张,A516029F,398.8×164.5mm,白瓷,四色+四专,0,0.23,829,802,,"1,200.40",0.000152917,克,立方米,销售,ZHANG,√,2023.07.04,9999.12.31
502罐身涂印铁大料,502罐身涂印铁大料,T15-516-028,合生元派星天呵700g较大婴儿配方奶粉（6-12月龄，2段）大料片,T4CA-0.23×802(W)×829 2.8/2.8 R2,张,A516028F,398.8×164.5mm,白瓷,四色+四专,0,0.23,829,802,,"1,200.40",0.000152917,克,立方米,销售,ZHANG,√,2023.07.04,9999.12.31
502罐身涂印铁大料,502罐身涂印铁大料,T15-516-027,合生元派星天呵700g婴儿配方奶粉（0-6月龄，1段）大料片,T4CA-0.23×802(W)×829 2.8/2.8 R2,张,A516027F,398.8×164.5mm,白瓷,四色+四专,0,0.23,829,802,,"1,200.40",0.000152917,克,立方米,销售,ZHANG,√,2023.07.04,9999.12.31
502罐身涂印铁大料,502罐身涂印铁大料,T15-516-024,合生元可贝思亲呵700克较大婴儿配方羊奶粉（6-12月龄，2段）大料片,T4CA-0.23×802(W)×829 2.8/2.8 R2,张,A516024F,398.8×164.5mm,白瓷,四色+四专,0,0.23,829,802,,"1,200.40",0.000152917,克,立方米,销售,ZHANG,√,2023.05.31,9999.12.31
502罐身涂印铁大料,502罐身涂印铁大料,T15-516-022,合生元可贝思亲呵700克幼儿配方羊奶粉（12-36月龄，3段）大料片,T4CA-0.23×802(W)×829 2.8/2.8 R2,张,A516022F,398.8×164.5mm,白瓷,四色+四专,0,0.23,829,802,,"1,200.40",0.000152917,克,立方米,销售,ZHANG,√,2023.05.31,9999.12.31
502罐身涂印铁大料,502罐身涂印铁大料,T15-516-018,满乐900g婴儿配方奶粉（0-6月龄，1段）大料片,T4CA-0.23×802(W)×894 2.8/2.8 R2,张,A516018F,398.8×177.6,白瓷,四色+三专,0,0.23,894,802,,"1,294.52",0.000164907,克,立方米,销售,ZHANG,√,2021.10.13,9999.12.31
502罐身涂印铁大料,502罐身涂印铁大料,T15-516-065,合生元800g金装儿童成长奶粉4段大料片,T4CA-0.25×802(W)×810 2.8/2.8 R2#,张,A516065F,398.8×159,白墨,四色+二专,0,0.25,801,802,,"1,260.71",0.000160601,克,立方米,销售,ZHANG,√,2018.01.01,9999.12.31
502罐身涂印铁大料,502罐身涂印铁大料,T15-516-063,合生元可贝思亲呵700克婴儿配方羊奶粉 （0-6月龄，1段）大料片,T4CA-0.23×802(W)×829 2.8/2.8 R2,张,A516063F,398.8×164.5mm,白瓷,四色+三专,0,0.23,829,802,,"1,200.40",0.000152917,克,立方米,销售,ZHANG,√,2023.05.31,9999.12.31
502罐身涂印铁大料,502罐身涂印铁大料,T15-516-023,合生元满乐700克幼儿配方奶粉（12-36月龄，3段）,T4CA-0.23×802(W)×829 2.8/2.8 R2,张,A516023F,398.8×164.5mm,白瓷,四色+四专,0,0.23,829,802,,"1,200.40",0.000152917,克,立方米,销售,ZHANG,√,2023.08.01,9999.12.31
502罐身涂印铁大料,502罐身涂印铁大料,T15-700-044,Nutrilon Goat S3 400G （诺优羊 ）大料片,T4CA-0.25×802(W)×846 2.8/2.8 R2,张,A700044F,398.8×120,白墨,四色+专色,0,0.25,846,802,,"1,331.54",0.000169623,克,立方米,销售,ZHANG,√,2022.11.25,9999.12.31
502罐身涂印铁大料,502罐身涂印铁大料,T15-700-042,Nutrilon Goat S1 400G （诺优羊 ）大料片,T4CA-0.25×802(W)×846 2.8/2.8 R2,张,A700042F,398.8×120,白墨,四色+专色,0,0.25,846,802,,"1,331.54",0.000169623,克,立方米,销售,ZHANG,√,2022.11.25,9999.12.31
502罐身涂印铁大料,502罐身涂印铁大料,T15-700-037,Aptamil Goat S3 800G （爱他美卓徉）大料片,T4CA-0.25×802(W)×906 2.8/2.8 R2,张,A700037F,398.8×180,白墨,四色+专色,0,0.25,906,802,,"1,425.98",0.000181653,克,立方米,销售,ZHANG,√,2022.11.25,9999.12.31
502罐身涂印铁大料,502罐身涂印铁大料,T15-700-041,Aptamil Goat S2 800G （爱他美卓徉）大料片,T4CA-0.25×802(W)×906 2.8/2.8 R2,张,A700041F,398.8×180,白墨,四色+专色,0,0.25,906,802,,"1,425.98",0.000181653,克,立方米,销售,ZHANG,√,2022.11.25,9999.12.31
502罐身涂印铁大料,502罐身涂印铁大料,T15-700-036,Nutrilon Goat S3 800G （诺优羊 ）大料片,T4CA-0.25×802(W)×906 2.8/2.8 R2,张,A700036F,398.8×180,白墨,四色+专色,0,0.25,906,802,,"1,425.98",0.000181653,克,立方米,销售,ZHANG,√,2022.11.25,9999.12.31
502罐身涂印铁大料,502罐身涂印铁大料,T15-700-039,Nutrilon Goat S2 800G （诺优羊 ）大料片,T4CA-0.25×802(W)×906 2.8/2.8 R2,张,A700039F,398.8×180,白墨,四色+专色,0,0.25,906,802,,"1,425.98",0.000181653,克,立方米,销售,ZHANG,√,2022.11.25,9999.12.31
502罐身涂印铁大料,502罐身涂印铁大料,T15-700-038,Nutrilon Goat S1 800G （诺优羊 ）大料片,T4CA-0.25×802(W)×906 2.8/2.8 R2,张,A700038F,398.8×180,白墨,四色+专色,0,0.25,906,802,,"1,425.98",0.000181653,克,立方米,销售,ZHANG,√,2022.11.25,9999.12.31
502罐身涂印铁大料,502罐身涂印铁大料,T15-700-047,Aptamil Goat S3 400G （爱他美卓徉）大料片,T4CA-0.25×802(W)×846 2.8/2.8 R2,张,A700047F,398.8×120,白墨,四色+专色,0,0.25,846,802,,"1,331.54",0.000169623,克,立方米,销售,ZHANG,√,2022.11.25,9999.12.31
502罐身涂印铁大料,502罐身涂印铁大料,T15-700-046,Aptamil Goat S2 400G （爱他美卓徉）大料片,T4CA-0.25×802(W)×846 2.8/2.8 R2,张,A700046F,398.8×120,白墨,四色+专色,0,0.25,846,802,,"1,331.54",0.000169623,克,立方米,销售,ZHANG,√,2022.11.25,9999.12.31
502罐身涂印铁大料,502罐身涂印铁大料,T15-700-045,Aptamil Goat S1 400G （爱他美卓徉）大料片,T4CA-0.25×802(W)×846 2.8/2.8 R2,张,A700045F,398.8×120,白墨,四色+专色,0,0.25,846,802,,"1,331.54",0.000169623,克,立方米,销售,ZHANG,√,2022.11.25,9999.12.31
502罐身涂印铁大料,502罐身涂印铁大料,T15-700-043,Nutrilon Goat S2 400G （诺优羊 ）大料片,T4CA-0.25×802(W)×846 2.8/2.8 R2,张,A700043F,398.8×120,白墨,四色+专色,0,0.25,846,802,,"1,331.54",0.000169623,克,立方米,销售,ZHANG,√,2022.11.25,9999.12.31
服务性料品,服务性料品,9-000-008,生产废铁边角料,,公斤,,,,,0,0,0,0,,0,0,公斤,立方米,通用,W013,√,2017.01.01,9999.12.31
502成品罐,502成品罐,X05-700-005,欧比佳（达能）502×116胶托包装（倒盖川字胶托）,胶托、胶盖板、川字胶托、单坑瓦楞纸板、单坑覆膜纸板 、70罐、6层,套,,,,,0,0,0,0,,0,0,克,立方米,销售,SET,√,2022.11.25,9999.12.31
502罐身涂印铁大料,502罐身涂印铁大料,T15-700-059,爱他美悠熠3段直罐（400g）大料片,T4CA-0.25×802(W)×846 2.8/2.8 R2,张,A700059F,398.8×120,白墨,四色+三专,0,0.25,846,802,,"1,331.54",0.000169623,克,立方米,销售,ZHANG,√,2023.07.24,9999.12.31
502罐身涂印铁大料,502罐身涂印铁大料,T15-700-063,爱他美悠熠2段直罐（400g）大料片,T4CA-0.25×802(W)×846 2.8/2.8 R2,张,A700063F,398.8×120,白墨,四色+三专,0,0.25,846,802,,"1,331.54",0.000169623,克,立方米,销售,ZHANG,√,2023.07.24,9999.12.31
服务性料品,服务性料品,9-000-029,废铁（不合格底盖）,,公斤,,,,,0,0,0,0,,0,0,公斤,立方米,通用,W013,√,2018.01.01,9999.12.31
502罐身涂印铁大料,502罐身涂印铁大料,T15-700-061,爱他美悠熠2段直罐（800g）大料片,T4CA-0.25×802(W)×906 2.8/2.8 R2,张,A700061F,398.8×180,白墨,四色+三专,0,0.25,906,802,,"1,425.98",0.000181653,克,立方米,销售,ZHANG,√,2023.07.24,9999.12.31
502成品罐,502成品罐,X05-700-004,欧比佳（达能）502×176胶托包装（倒盖川字胶托）,胶托、胶盖板、川字胶托、单坑瓦楞纸板、单坑覆膜纸板 、70罐、6层,套,,,,,0,0,0,0,,0,0,克,立方米,销售,SET,√,2022.11.25,9999.12.31
502罐身涂印铁大料,502罐身涂印铁大料,T15-700-060,爱他美悠熠1段直罐（800g）大料片,T4CA-0.25×802(W)×906 2.8/2.8 R2,张,A700060F,398.8×180,白墨,四色+三专,0,0.25,906,802,,"1,425.98",0.000181653,克,立方米,销售,ZHANG,√,2023.07.24,9999.12.31
菲林印刷辅材,菲林印刷辅材,F40-000-076,稀释剂50779,,KG,,1,,,1,1,1,1,,0,1,克,立方米,通用,KG,√,2018.01.01,9999.12.31
外补涂剂,外补涂剂,H32-000-001,焊缝外补涂溶剂（PPG2875-801）,18KG,KG,,1,,,1,1,1,1,,0,1,克,立方米,通用,KG,√,2018.01.01,9999.12.31
光油,光油,H24-000-006,大东润 DR6060E-5 哑油,,KG,,,,,0,0,0,0,,0,0,克,立方米,通用,KG,√,2018.01.01,9999.12.31
底油,底油,H22-000-037,翔远FC9900-0底油,底油,公斤,,,,,0,0,0,0,,0,0,克,立方米,通用,W013,√,2022.07.20,9999.08.20
底油,底油,H22-000-035,儒林 BS-UV-3025S 底油,200kg桶,公斤,,,,,0,0,0,0,,0,0,克,立方米,通用,W013,√,2018.01.01,9999.12.31
马口铁,马口铁,Y20-025-090,马口铁,T4CA-0.25×802(W)×906 2.8/2.8 R2 #,张,,,,,0,0.25,802,906,,"1,425.98",0,克,立方米,销售,ZHANG,√,2021.06.01,9999.12.31
光油,光油,H24-000-044,儒林BS-1088H-6光油,光油,KG,,,,,0,0,0,0,,0,0,克,立方米,通用,KG,√,2020.10.21,2024.07.30
马口铁,马口铁,Y20-025-095,马口铁,T4CA-0.25×802(W)×846?2.8/2.8?R2 #,张,,,,,0,0.25,802,846,,"1,331.54",0,克,立方米,销售,ZHANG,√,2021.09.09,9999.12.31
502罐身涂印铁大料,502罐身涂印铁大料,T15-700-062,爱他美悠熠1段直罐（400g）大料片,T4CA-0.25×802(W)×846 2.8/2.8 R2,张,A700062F,398.8×120,白墨,四色+三专,0,0.25,846,802,,"1,331.54",0.000169623,克,立方米,销售,ZHANG,√,2023.07.24,9999.12.31
服务性料品,服务性料品,9-000-051,固定资产,服务性料品-所有客户-051,pcs,,,,,0,0,0,0,,0,0,克,立方米,通用,pcs,√,2018.01.01,9999.12.31
502底盖,502底盖,P35-000-121,单光印蓝筋点底-32#（印蓝φ70),502,pcs,,,,,144.3,0,0,0,,0,0.00005,克,立方米,通用,pcs,√,2021.10.13,9999.12.31
纸板,纸板,B60-000-001,A4B单坑瓦楞纸板,1000×1200mm,张,,,,,0,0,0,0,,0,0,克,立方米,通用,ZHANG,√,2018.01.01,9999.12.31
502罐身涂印铁大料,502罐身涂印铁大料,T15-700-040,Aptamil Goat S1 800G （爱他美卓徉）大料片,T4CA-0.25×802(W)×906 2.8/2.8 R2,张,A700040F,398.8×180,白墨,四色+专色,0,0.25,906,802,,"1,425.98",0.000181653,克,立方米,销售,ZHANG,√,2022.11.25,9999.12.31
502罐身涂印铁大料,502罐身涂印铁大料,T15-700-057,爱他美悠熠3段直罐（800g）大料片,T4CA-0.25×802(W)×906 2.8/2.8 R2,张,A700057F,398.8×180,白墨,四色+三专,0,0.25,906,802,,"1,425.98",0.000181653,克,立方米,销售,ZHANG,√,2023.07.24,9999.12.31
薄膜,薄膜,B40-000-009,拉伸膜机用,0.020×500mm透明,KG,,1,,,1,1,1,1,,0,1,克,立方米,通用,KG,√,2018.01.01,9999.12.31
其它包材类,其它包材类,B90-000-037,黄色塑料打包带（全自动机）,14.5×0.85mm   12kg,KG,,,,,0,0,0,0,,0,0,克,立方米,通用,KG,√,2018.01.01,9999.12.31
其它包材类,其它包材类,B90-000-045,B3B纸皮扣(天盒）,120×100×5cm,张,,,,,0,0,0,0,,0,0,克,立方米,通用,ZHANG,√,2018.01.01,9999.12.31
托盘,托盘,B10-000-004,胶托,1000×1200×140mm,pcs,,,,,0,0,0,0,,0,0,克,立方米,通用,pcs,√,2018.01.01,9999.12.31
托盘,托盘,B10-000-046,川字胶托,1200*1000*145MM,pcs,,,,,0,0,0,0,,0,0,克,立方米,通用,pcs,√,2022.12.01,9999.12.31
纸板,纸板,B60-000-105,K5B单坑覆膜纸板,1200*1000,张,,,,,0,0,0,0,,0,0,克,立方米,通用,ZHANG,√,2018.01.01,9999.12.31
纸板,纸板,B60-000-040,C33单坑外围纸板,2300×1100mm,张,,,,,0,0,0,0,,0,0,克,立方米,通用,ZHANG,√,2018.01.01,9999.12.31
502易开盖,502易开盖,P45-000-054,铁质无点胶D型拉舌易撕盖（中间35mm小圆）,502,pcs,,,,,0,0,0,0,,0,0,克,立方米,通用,pcs,√,2022.08.01,9999.10.31
502成品罐,502成品罐,C05-516-012,合生元贝素贝加900g幼儿配方奶粉（12-36月 龄，3段）,502×173.1,罐,A516012F,398.8×177.6,白瓷,四色+三专,0,0,0,0,1.574251,127.878,0.002967429,克,立方米,销售,GUAN,√,2021.10.13,9999.12.31
502成品罐,502成品罐,C05-516-028,合生元派星天呵700g较大婴儿配方奶粉（6-12月龄，2段）,502×160,罐,A516028F,398.8×164.5,白瓷,四色+四专,0,0,0,0,1.594617,118.445,0.002967429,克,立方米,销售,GUAN,√,2023.07.04,9999.12.31
502成品罐,502成品罐,C05-516-027,合生元派星天呵700g婴儿配方奶粉（0-6月龄，1段）,502×160,罐,A516027F,398.8×164.5,白瓷,四色+四专,0,0,0,0,1.594617,118.445,0.002967429,克,立方米,销售,GUAN,√,2023.07.04,9999.12.31
502成品罐,502成品罐,C05-516-024,合生元可贝思亲呵700克较大婴儿配方羊奶粉（6-12月龄，2段）,502×160,罐,A516024F,398.8×164.5,白瓷,四色+四专,0,0,0,0,1.594617,118.445,0.002967429,克,立方米,销售,GUAN,√,2023.05.31,9999.12.31
502成品罐,502成品罐,C05-516-022,合生元可贝思亲呵700克幼儿配方羊奶粉（12-36月龄，3段）,502×160,罐,A516022F,398.8×164.5,白瓷,四色+四专,0,0,0,0,1.594617,118.445,0.002967429,克,立方米,销售,GUAN,√,2023.05.31,9999.12.31
502成品罐,502成品罐,C05-516-018,满乐900g婴儿配方奶粉（0-6月龄，1段）,502×173.1,罐,A516018F,398.8×177.6,白瓷,四色+三专,0,0,0,0,1.574251,127.878,0.002967429,克,立方米,销售,GUAN,√,2021.10.13,9999.12.31
502成品罐,502成品罐,C05-516-020,满乐900g幼儿配方奶粉（12-36月 龄，3段）,502×173.1,罐,A516020F,398.8×177.6,白瓷,四色+三专,0,0,0,0,1.574251,127.878,0.002967429,克,立方米,销售,GUAN,√,2021.10.13,9999.12.31
502成品罐,502成品罐,C05-516-019,满乐900g较大婴儿配方奶粉（6-12月 龄，2段）,502×173.1,罐,A516019F,398.8×177.6,白瓷,四色+三专,0,0,0,0,1.574251,127.878,0.002967429,克,立方米,销售,GUAN,√,2021.10.13,9999.12.31
401成品罐,401成品罐,C04-516-026,合生元可贝思亲呵350克幼儿配方羊奶粉 （12-36月龄，3段）,401×125.8,罐,A516026F,312.4×129.3,白瓷,四色+四专,0,0.21,943,911,0.848842,66.588,0.000180405,克,立方米,销售,GUAN,√,2024.05.01,9999.12.31
401成品罐,401成品罐,C04-516-025,合生元可贝思亲呵350克较大婴儿配方羊奶 粉（6-12月龄，2段）,401×125.8,罐,A516025F,312.4×129.3,白瓷,四色+四专,0,0.21,943,911,0.848842,66.588,0.000180405,克,立方米,销售,GUAN,√,2024.05.01,9999.12.31
401成品罐,401成品罐,C04-516-060,合生元可贝思亲呵350克婴儿配方羊奶粉 （0-6月龄，1段）,401×125.8,罐,A516060F,312.4×129.3,白瓷,四色+四专,0,0.21,943,911,0.848842,66.588,0.000180405,克,立方米,销售,GUAN,√,2024.05.01,9999.12.31
502成品罐,502成品罐,C05-516-063,合生元可贝思亲呵700克婴儿配方羊奶粉 （0-6月龄，1段）,502×160,罐,A516063F,398.8×164.5,白瓷,四色+三专,0,0,0,0,1.594617,136.5,0.002967429,克,立方米,销售,GUAN,√,2023.05.31,9999.12.31
502成品罐,502成品罐,C05-516-023,合生元满乐700克幼儿配方奶粉（12-36月龄，3段）,502×160,罐,A516023F,398.8×164.5,白瓷,四色+四专,0,0,0,0,1.594617,118.445,0.002967429,克,立方米,销售,GUAN,√,2023.08.01,9999.12.31
502成品罐,502成品罐,C05-516-045,合生元满乐700克较大婴儿配方奶粉（6-12月龄，2段）,502×160,罐,A516045F,398.8×164.5,白瓷,四色+四专,0,0,0,0,1.594617,118.445,0.002967429,克,立方米,销售,GUAN,√,2023.08.01,9999.12.31
502成品罐,502成品罐,C05-516-044,合生元满乐700克婴儿配方奶粉（0-6月龄，1段）,502×160,罐,A516044F,398.8×164.5,白瓷,四色+四专,0,0,0,0,1.594617,118.445,0.002967429,克,立方米,销售,GUAN,√,2023.08.01,9999.12.31
502成品罐,502成品罐,C05-516-029,合生元派星天呵700g幼儿配方奶粉（12-36月龄，3段）,502×160,罐,A516029F,398.8×164.5,白瓷,四色+四专,0,0,0,0,1.594617,118.445,0.002967429,克,立方米,销售,GUAN,√,2023.07.04,9999.12.31
502成品罐,502成品罐,C05-516-065,合生元800g金装儿童成长奶粉4段,502×155,罐,A516065F,398.8×159,白墨,四色+二专,0,0.25,801,802,1.630837,124.441,0.000160601,克,立方米,销售,GUAN,√,2023.05.31,9999.12.31
502成品罐,502成品罐,C05-700-009,欧素力800g婴儿配方奶粉（0-6个月龄，1段）鼓形罐,502×160,罐,A700009F,420.8×165,白磁,四色,0,0,0,0,,0,0.002742857,克,立方米,销售,GUAN,√,2018.01.01,9999.12.31
502成品罐,502成品罐,C05-700-010,欧素力800g较大婴儿配方奶粉（6-12月龄，2段）鼓形罐,502×160,罐,A700010F,420.8×165,白磁,四色,0,0,0,0,,0,0.002742857,克,立方米,销售,GUAN,√,2018.01.01,9999.12.31
502成品罐,502成品罐,C05-700-011,欧素力800g幼儿配方奶粉（12-36月龄，3段）鼓形罐,502×160,罐,A700011F,420.8×165,白磁,四色,0,0,0,0,,0,0.002742857,克,立方米,销售,GUAN,√,2018.01.01,9999.12.31
502成品罐,502成品罐,C05-700-003,欧比佳408g果乐多奶米粉,502×165,罐,A700003F,398.8×169mm,白磁,四色+专蓝,0,0,0,0,,0,0.002828571,克,立方米,销售,GUAN,√,2018.01.01,9999.12.31
502成品罐,502成品罐,C05-700-004,欧比佳408g复合营养奶米粉,502×165,罐,A700004F,398.8×169mm,白磁,四色+专蓝,0,0,0,0,,0,0.002828571,克,立方米,销售,GUAN,√,2018.01.01,9999.12.31
502成品罐,502成品罐,C05-700-005,欧比佳408g经典原味奶米粉,502×165,罐,A700005F,398.8×169mm,白磁,四色+专蓝,0,0,0,0,,0,0.002828571,克,立方米,销售,GUAN,√,2018.01.01,9999.12.31
502成品罐,502成品罐,C05-700-012,欧比佳800g可唯安婴儿配方奶粉（0-6月龄，1段）鼓形罐,502×160,罐,A700012F,420.8×165,白磁,四色+1797c+871c,0,0,0,0,,0,0.002742857,克,立方米,销售,GUAN,√,2018.01.01,9999.12.31
502成品罐,502成品罐,C05-700-013,欧比佳800g可唯安较大婴儿配方奶粉（6-12月龄，2段）鼓形罐,502×160,罐,A700013F,420.8×165,白磁,四色+1797c+871c,0,0,0,0,,0,0.002742857,克,立方米,销售,GUAN,√,2018.01.01,9999.12.31
502成品罐,502成品罐,C05-700-014,欧比佳800g可唯安幼儿配方奶粉（12-36月龄，3段）鼓形罐,502×160,罐,A700014F,420.8×165mm,白磁,四色+1797c+871c,0,0,0,0,,0,0.002742857,克,立方米,销售,GUAN,√,2018.01.01,9999.12.31
502成品罐,502成品罐,C05-700-015,欧比佳800g羊滋滋婴儿配方羊奶粉（0-6月龄，1段）鼓形罐,502×160,罐,A700015F,420.8×165mm,白磁,四色+7728C+3375C+871C,0,0,0,0,,0,0.002742857,克,立方米,销售,GUAN,√,2018.01.01,9999.12.31
502成品罐,502成品罐,C05-700-016,欧比佳800g羊滋滋较大婴儿配方羊奶粉（6-12月龄，2段）鼓形罐,502×160,罐,A700016F,420.8×165mm,白磁,四色+7728C+3375C+871C,0,0,0,0,,0,0.002742857,克,立方米,销售,GUAN,√,2018.01.01,9999.12.31
502成品罐,502成品罐,C05-700-017,欧比佳800g羊滋滋幼儿配方羊奶粉（12-36月龄，3段）鼓形罐,502×160,罐,A700017F,420.8×165mm,白磁,四色+7728C+3375C+871C,0,0,0,0,,0,0.002742857,克,立方米,销售,GUAN,√,2018.01.01,9999.12.31
502成品罐,502成品罐,C05-700-002,欧比佳408g多维多矿奶米粉,502×165,罐,A700002F,398.8×169mm,白磁,四色+专蓝,0,0,0,0,,0,0.002828571,克,立方米,销售,GUAN,√,2018.01.01,9999.12.31
502成品罐,502成品罐,C05-700-025,欧比佳疏糖膳典800g中老年羊奶粉罐,502×160,罐,A700025F,420.8×165mm,白墨,四色+透绿,0,0,0,0,,0,0.003,克,立方米,销售,GUAN,√,2018.01.01,9999.12.31
502成品罐,502成品罐,C05-700-024,欧比佳502×160素铁罐（缩颈罐）,502×160,罐,A700024F,420.8×165mm,,,0,0,0,0,,0,0.003,克,立方米,销售,GUAN,√,2018.01.01,9999.12.31
502成品罐,502成品罐,C05-700-023,欧比佳悦贝彤800g儿童成长配方奶粉罐,502×160,罐,A700023F,420.8×165mm,白磁,四色,0,0,0,0,,0,0.003,克,立方米,销售,GUAN,√,2018.01.01,9999.12.31
502成品罐,502成品罐,C05-700-021,欧比佳悦贝高800g儿童成长配方奶粉罐,502×160,罐,A700021F,420.8×165mm,白磁,四色,0,0,0,0,,0,0.003,克,立方米,销售,GUAN,√,2018.01.01,9999.12.31
502成品罐,502成品罐,C05-700-020,欧比佳高呦高儿童成长配方奶粉罐,502×160,罐,A700020F,420.8×165mm,白磁,四色,0,0,0,0,,0,0.003,克,立方米,销售,GUAN,√,2018.01.01,9999.12.31
502成品罐,502成品罐,C05-700-019,欧比佳美优骼800g儿童成长配方奶粉罐,502×160,罐,A700019F,420.8×165mm,白磁,四色,0,0,0,0,,0,0.003,克,立方米,销售,GUAN,√,2018.01.01,9999.12.31
502成品罐,502成品罐,C05-700-018,小羊高高800g儿童配方羊奶粉,502×160,罐,A700018F,420.8×165mm,白磁,四色,0,0,0,0,,0,0.003,克,立方米,销售,GUAN,√,2018.01.01,9999.12.31
502成品罐,502成品罐,C05-700-022,欧比佳800g羊滋滋儿童配方奶粉（3-12岁儿童）,502×165,罐,A700022F,398.8×169.5mm,白磁,四色+7728C+3375C+871C,0,0,0,0,,0,0.002828571,克,立方米,销售,GUAN,√,2018.01.01,9999.12.31
502成品罐,502成品罐,C05-700-045,Aptamil Goat S1 400G （爱他美卓徉）,502×116,罐,A700045F,398.8×120,白墨,四色+专色,0,0,0,0,1.192639,93.917,0.00327252,克,立方米,销售,GUAN,√,2022.11.25,9999.12.31
502成品罐,502成品罐,C05-700-044,Nutrilon Goat S3 400G （诺优羊 ）,502×116,罐,A700044F,398.8×120,白墨,四色+专色,0,0,0,0,1.192639,93.917,0.00327252,克,立方米,销售,GUAN,√,2022.11.25,9999.12.31
502成品罐,502成品罐,C05-700-043,Nutrilon Goat S2 400G （诺优羊 ）,502×116,罐,A700043F,398.8×120,白墨,四色+专色,0,0,0,0,1.192639,93.917,0.00327252,克,立方米,销售,GUAN,√,2022.11.25,9999.12.31
502成品罐,502成品罐,C05-700-042,Nutrilon Goat S1 400G （诺优羊 ）,502×116,罐,A700042F,398.8×120,白墨,四色+专色,0,0,0,0,1.192639,93.917,0.00327252,克,立方米,销售,GUAN,√,2022.11.25,9999.12.31
502成品罐,502成品罐,C05-700-029,敢迈冕御力中老年奶粉罐800g（鼓形罐）,502×160,罐,A700029F,420.8×165mm,白瓷,四色+专蓝底+专蓝,0,0,0,0,,0,0.002828571,克,立方米,销售,GUAN,√,2018.01.01,9999.12.31
502成品罐,502成品罐,C05-700-028,敢迈芯锐力中老年羊奶粉罐800g（鼓形罐）,502×160,罐,A700028F,420.8×165mm,白瓷,四色+专蓝底+专红,0,0,0,0,,0,0.002828571,克,立方米,销售,GUAN,√,2018.01.01,9999.12.31
502成品罐,502成品罐,C05-700-027,欧比佳白瓷罐,502×160,罐,A700027F,420.8×165mm,白瓷,,0,0,0,0,,0,0.002828571,克,立方米,销售,GUAN,√,2018.01.01,9999.12.31
502成品罐,502成品罐,C05-700-026,欧素力800g倍盈养营养配方羊奶粉罐,502×160,罐,A700026F,420.8×165mm,白墨,四色+透绿,0,0,0,0,,0,0.003,克,立方米,销售,GUAN,√,2018.01.01,9999.12.31
502成品罐,502成品罐,C05-700-037,Aptamil Goat S3 800G （爱他美卓徉）,502×176,罐,A700037F,398.8×180,白墨,四色+专色,0,0,0,0,1.721505,140.876,0.00327252,克,立方米,销售,GUAN,√,2022.11.25,9999.12.31
502成品罐,502成品罐,C05-700-046,Aptamil Goat S2 400G （爱他美卓徉）,502×116,罐,A700046F,398.8×120,白墨,四色+专色,0,0,0,0,1.192639,93.917,0.00327252,克,立方米,销售,GUAN,√,2022.11.25,9999.12.31
502成品罐,502成品罐,C05-700-047,Aptamil Goat S3 400G （爱他美卓徉）,502×116,罐,A700047F,398.8×120,白墨,四色+专色,0,0,0,0,1.192639,93.917,0.00327252,克,立方米,销售,GUAN,√,2022.11.25,9999.12.31
502成品罐,502成品罐,C05-700-038,Nutrilon Goat S1 800G （诺优羊 ）,502×176,罐,A700038F,398.8×180,白墨,四色+专色,0,0,0,0,1.721505,140.876,0.00327252,克,立方米,销售,GUAN,√,2022.11.25,9999.12.31
502成品罐,502成品罐,C05-700-039,Nutrilon Goat S2 800G （诺优羊 ）,502×176,罐,A700039F,398.8×180,白墨,四色+专色,0,0,0,0,1.721505,140.876,0.00327252,克,立方米,销售,GUAN,√,2022.11.25,9999.12.31
502成品罐,502成品罐,C05-700-036,Nutrilon Goat S3 800G （诺优羊 ）,502×176,罐,A700036F,398.8×180,白墨,四色+专色,0,0,0,0,1.721505,140.876,0.00327252,克,立方米,销售,GUAN,√,2022.11.25,9999.12.31
502成品罐,502成品罐,C05-700-040,Aptamil Goat S1 800G （爱他美卓徉）,502×176,罐,A700040F,398.8×180,白墨,四色+专色,0,0,0,0,1.721505,140.876,0.00327252,克,立方米,销售,GUAN,√,2022.11.25,9999.12.31
502成品罐,502成品罐,C05-700-041,Aptamil Goat S2 800G （爱他美卓徉）,502×176,罐,A700041F,398.8×180,白墨,四色+专色,0,0,0,0,1.721505,140.876,0.00327252,克,立方米,销售,GUAN,√,2022.11.25,9999.12.31
502成品罐,502成品罐,C05-700-059,悠熠3段直罐（400g）,502×116,罐,A700059F,398.8×120,白墨,四色+三专,0,0,0,0,1.192639,93.917,0.00327252,克,立方米,销售,GUAN,√,2023.07.24,9999.12.31
502成品罐,502成品罐,C05-700-060,悠熠1段直罐（800g）,502×176,罐,A700060F,398.8×180,白墨,四色+三专,0,0,0,0,1.721505,140.876,0.00327252,克,立方米,销售,GUAN,√,2023.07.24,9999.12.31
502成品罐,502成品罐,C05-700-061,悠熠2段直罐（800g）,502×176,罐,A700061F,398.8×180,白墨,四色+三专,0,0,0,0,1.721505,140.876,0.00327252,克,立方米,销售,GUAN,√,2023.07.24,9999.12.31
502成品罐,502成品罐,C05-700-057,悠熠3段直罐（800g）,502×176,罐,A700057F,398.8×180,白墨,四色+三专,0,0,0,0,1.721505,140.876,0.00327252,克,立方米,销售,GUAN,√,2023.07.24,9999.12.31
502成品罐,502成品罐,C05-700-062,悠熠1段直罐（400g）,502×116,罐,A700062F,398.8×120,白墨,四色+三专,0,0,0,0,1.192639,93.917,0.00327252,克,立方米,销售,GUAN,√,2023.07.24,9999.12.31
502成品罐,502成品罐,C05-700-063,悠熠2段直罐（400g）,502×116,罐,A700063F,398.8×120,白墨,四色+三专,0,0,0,0,1.192639,93.917,0.00327252,克,立方米,销售,GUAN,√,2023.07.24,9999.12.31
