table_name,field_name,field_type,nullable,primary_key,default_value,comment,category
sys_user,user_id,INTEGER,NO,YES,auto_increment,主键,系统表
sys_user,username,VARCHAR(50),NO,NO,,用户名,系统表
sys_user,password,VARCHAR(100),NO,NO,,密码,系统表
sys_user,real_name,VARCHAR(50),NO,NO,,姓名,系统表
sys_user,employee_no,VARCHAR(50),YES,NO,,工号,系统表
sys_user,department,VARCHAR(50),YES,NO,,部门,系统表
sys_user,position,VARCHAR(50),YES,NO,,岗位,系统表
sys_user,role_id,INTEGER,YES,NO,,角色ID,系统表
sys_user,phone,VARCHAR(20),YES,NO,,手机号,系统表
sys_user,email,VARCHAR(100),YES,NO,,邮箱,系统表
sys_user,avatar_url,VARCHAR(255),YES,NO,,头像地址,系统表
sys_user,status,TINYINT,YES,NO,1,状态(1启用/0禁用),系统表
sys_user,last_login_time,DATETIME,YES,NO,,最后登录时间,系统表
sys_user,last_login_ip,VARCHAR(45),YES,NO,,最后登录IP,系统表
sys_user,pwd_reset_required,TINYINT,NO,NO,0,首次登录需修改密码,系统表
sys_user,created_by,VARCHAR(50),YES,NO,,创建人,系统表
sys_user,remarks,VARCHAR(500),YES,NO,,备注,系统表
sys_user,created_at,DATETIME,YES,NO,,创建时间,系统表
sys_user,updated_at,DATETIME,YES,NO,,更新时间,系统表
sys_role,role_id,INTEGER,NO,YES,auto_increment,主键,系统表
sys_role,role_name,VARCHAR(50),NO,NO,,角色名称,系统表
sys_role,role_code,VARCHAR(50),NO,NO,,角色编码,系统表
sys_role,type,VARCHAR(20),YES,NO,,类型,系统表
sys_role,is_system_default,TINYINT,NO,NO,0,是否系统默认角色,系统表
sys_role,description,VARCHAR(200),YES,NO,,描述,系统表
sys_role,scope,VARCHAR(50),YES,NO,,数据范围,系统表
sys_role,sort_order,INTEGER,YES,NO,0,排序号,系统表
sys_role,status,TINYINT,YES,NO,1,状态(1启用/0禁用),系统表
sys_role,created_at,DATETIME,YES,NO,,创建时间,系统表
sys_role,updated_at,DATETIME,YES,NO,,更新时间,系统表
sys_permission,perm_id,INTEGER,NO,YES,auto_increment,主键,系统表
sys_permission,parent_id,INTEGER,YES,NO,0,父级ID,系统表
sys_permission,perm_name,VARCHAR(50),NO,NO,,权限名称,系统表
sys_permission,perm_code,VARCHAR(100),NO,NO,,权限编码,系统表
sys_permission,type,VARCHAR(20),NO,NO,menu,类型(menu/button),系统表
sys_permission,icon,VARCHAR(100),YES,NO,,图标,系统表
sys_permission,path,VARCHAR(200),YES,NO,,路由路径,系统表
sys_permission,component,VARCHAR(200),YES,NO,,组件路径,系统表
sys_permission,sort_order,INTEGER,YES,NO,0,排序号,系统表
sys_permission,visible,TINYINT,NO,NO,1,是否显示(1显示/0隐藏),系统表
sys_permission,status,TINYINT,YES,NO,1,状态(1启用/0禁用),系统表
sys_permission,created_at,DATETIME,YES,NO,,创建时间,系统表
sys_role_permission,id,INTEGER,NO,YES,auto_increment,主键,系统表
sys_role_permission,role_id,INTEGER,NO,NO,,角色ID,系统表
sys_role_permission,perm_id,INTEGER,NO,NO,,权限ID,系统表
sys_operation_log,log_id,INTEGER,NO,YES,auto_increment,主键,系统表
sys_operation_log,user_id,INTEGER,YES,NO,,操作用户ID,系统表
sys_operation_log,username,VARCHAR(50),YES,NO,,用户名,系统表
sys_operation_log,module,VARCHAR(50),YES,NO,,操作模块,系统表
sys_operation_log,action,VARCHAR(50),YES,NO,,操作类型,系统表
sys_operation_log,operation,VARCHAR(100),YES,NO,,操作内容,系统表
sys_operation_log,content,TEXT,YES,NO,,操作详情,系统表
sys_operation_log,method,VARCHAR(10),YES,NO,,请求方法,系统表
sys_operation_log,params,TEXT,YES,NO,,请求参数,系统表
sys_operation_log,ip,VARCHAR(45),YES,NO,,IP地址,系统表
sys_operation_log,ip_address,VARCHAR(45),YES,NO,,IP地址,系统表
sys_operation_log,status,TINYINT,YES,NO,1,状态,系统表
sys_operation_log,created_at,DATETIME,YES,NO,,创建时间,系统表
sys_config,config_id,INTEGER,NO,YES,auto_increment,主键,系统表
sys_config,config_key,VARCHAR(100),NO,NO,,配置键,系统表
sys_config,config_value,TEXT,YES,NO,,配置值,系统表
sys_config,config_type,VARCHAR(20),NO,NO,string,配置类型,系统表
sys_config,config_group,VARCHAR(50),NO,NO,system,配置分组,系统表
sys_config,config_desc,VARCHAR(200),YES,NO,,配置描述,系统表
sys_config,updated_by,VARCHAR(50),YES,NO,,更新人,系统表
sys_config,created_at,DATETIME,YES,NO,,创建时间,系统表
sys_config,updated_at,DATETIME,YES,NO,,更新时间,系统表
sys_dict_type,dict_id,INTEGER,NO,YES,auto_increment,主键,系统表
sys_dict_type,dict_name,VARCHAR(100),NO,NO,,字典名称,系统表
sys_dict_type,dict_type,VARCHAR(100),NO,NO,,字典类型编码,系统表
sys_dict_type,status,TINYINT,NO,NO,1,状态,系统表
sys_dict_type,remark,VARCHAR(500),YES,NO,,备注,系统表
sys_dict_type,created_by,VARCHAR(50),YES,NO,,创建人,系统表
sys_dict_type,created_at,DATETIME,YES,NO,,创建时间,系统表
sys_dict_type,updated_at,DATETIME,YES,NO,,更新时间,系统表
sys_dict_data,dict_code,INTEGER,NO,YES,auto_increment,主键,系统表
sys_dict_data,dict_sort,INTEGER,NO,NO,0,排序号,系统表
sys_dict_data,dict_label,VARCHAR(100),NO,NO,,字典标签,系统表
sys_dict_data,dict_value,VARCHAR(100),NO,NO,,字典值,系统表
sys_dict_data,dict_type,VARCHAR(100),NO,NO,,字典类型编码,系统表
sys_dict_data,css_class,VARCHAR(100),YES,NO,,CSS样式,系统表
sys_dict_data,list_class,VARCHAR(100),YES,NO,,列表样式,系统表
sys_dict_data,is_default,TINYINT,NO,NO,0,是否默认,系统表
sys_dict_data,status,TINYINT,NO,NO,1,状态,系统表
sys_dict_data,remark,VARCHAR(500),YES,NO,,备注,系统表
sys_dict_data,created_at,DATETIME,YES,NO,,创建时间,系统表
sys_dict_data,updated_at,DATETIME,YES,NO,,更新时间,系统表
sys_sequence,seq_id,INTEGER,NO,YES,auto_increment,主键,系统表
sys_sequence,seq_key,VARCHAR(50),NO,NO,,序列键,系统表
sys_sequence,seq_date,VARCHAR(20),NO,NO,,序列日期,系统表
sys_sequence,current_value,INTEGER,NO,NO,0,当前序号值,系统表
sys_sequence,created_at,DATETIME,YES,NO,,创建时间,系统表
sys_sequence,updated_at,DATETIME,YES,NO,,更新时间,系统表
sys_number_rule,rule_id,INTEGER,NO,YES,auto_increment,主键,系统表
sys_number_rule,rule_name,VARCHAR(100),NO,NO,,规则名称,系统表
sys_number_rule,rule_code,VARCHAR(50),NO,NO,,规则编码,系统表
sys_number_rule,prefix,VARCHAR(20),NO,NO,,前缀,系统表
sys_number_rule,date_format,VARCHAR(20),NO,NO,YYMMDD,日期格式,系统表
sys_number_rule,separator,VARCHAR(5),NO,NO,,分隔符,系统表
sys_number_rule,seq_width,INTEGER,NO,NO,3,序号位数,系统表
sys_number_rule,reset_by,VARCHAR(20),NO,NO,daily,重置周期,系统表
sys_number_rule,target_table,VARCHAR(100),YES,NO,,关联表名,系统表
sys_number_rule,target_field,VARCHAR(100),YES,NO,,关联字段名,系统表
sys_number_rule,target_label,VARCHAR(100),YES,NO,,关联字段说明,系统表
sys_number_rule,current_no,VARCHAR(50),YES,NO,,当前最新编号,系统表
sys_number_rule,used_count,INTEGER,NO,NO,0,已使用记录数,系统表
sys_number_rule,status,TINYINT,NO,NO,1,状态(0停用/1启用),系统表
sys_number_rule,is_locked,TINYINT,NO,NO,0,是否已审核,系统表
sys_number_rule,description,VARCHAR(500),YES,NO,,规则说明,系统表
sys_number_rule,created_by,VARCHAR(50),YES,NO,,创建人,系统表
sys_number_rule,created_at,DATETIME,YES,NO,,创建时间,系统表
sys_number_rule,updated_at,DATETIME,YES,NO,,更新时间,系统表
sys_app_version,id,INTEGER,NO,YES,auto_increment,主键,系统表
sys_app_version,version,VARCHAR(50),NO,NO,,版本号,系统表
sys_app_version,platform,VARCHAR(20),YES,NO,all,平台,系统表
sys_app_version,description,TEXT,YES,NO,,更新描述,系统表
sys_app_version,download_url,VARCHAR(500),YES,NO,,下载地址,系统表
sys_app_version,is_force,TINYINT,YES,NO,0,是否强制更新,系统表
sys_app_version,is_latest,TINYINT,YES,NO,1,是否最新版本,系统表
sys_app_version,file_size,VARCHAR(50),YES,NO,,文件大小,系统表
sys_app_version,created_by,VARCHAR(50),YES,NO,,发布人,系统表
sys_app_version,created_at,DATETIME,YES,NO,,创建时间,系统表
sys_app_version,updated_at,DATETIME,YES,NO,,更新时间,系统表
sys_data_dictionary,dict_id,INTEGER,NO,YES,auto_increment,主键,系统表
sys_data_dictionary,table_name,VARCHAR(100),NO,NO,,表名,系统表
sys_data_dictionary,category,VARCHAR(50),NO,NO,业务表,分类,系统表
sys_data_dictionary,purpose,VARCHAR(500),YES,NO,,用途说明,系统表
sys_data_dictionary,field_count,INTEGER,YES,NO,0,字段数,系统表
sys_data_dictionary,record_count,INTEGER,YES,NO,0,记录数,系统表
sys_data_dictionary,fields,TEXT,YES,NO,,字段详情(JSON),系统表
sys_data_dictionary,last_update,DATETIME,YES,NO,,最后更新,系统表
sys_data_dictionary,created_at,DATETIME,YES,NO,,创建时间,系统表
sys_data_dictionary,updated_at,DATETIME,YES,NO,,更新时间,系统表
bas_material,material_id,UUID,NO,YES,UUIDV4,主键,基础数据表
bas_material,category_name,VARCHAR(50),NO,NO,,分类名称,基础数据表
bas_material,material_code,VARCHAR(50),NO,NO,,料品编码,基础数据表
bas_material,material_name,VARCHAR(200),NO,NO,,料品名称,基础数据表
bas_material,specification,VARCHAR(200),YES,NO,,规格型号,基础数据表
bas_material,unit_name,VARCHAR(50),NO,NO,,单位,基础数据表
bas_material,film_no,VARCHAR(50),YES,NO,,菲林编号,基础数据表
bas_material,version_no,VARCHAR(50),YES,NO,,版本号,基础数据表
bas_material,cutting_size,VARCHAR(50),YES,NO,,裁切尺寸,基础数据表
bas_material,printing_process,VARCHAR(50),YES,NO,,印刷工艺,基础数据表
bas_material,color_separation,VARCHAR(50),YES,NO,,分色数,基础数据表
bas_material,blanking_diameter,DECIMAL(11,2),YES,NO,,落料直径,基础数据表
bas_material,material_thickness,DECIMAL(11,2),YES,NO,,材料厚度,基础数据表
bas_material,material_width,DECIMAL(11,2),YES,NO,,材料宽度,基础数据表
bas_material,material_height,DECIMAL(11,2),YES,NO,,材料高度,基础数据表
bas_material,scrap_weight,DECIMAL(11,2),YES,NO,,废料重量,基础数据表
bas_material,unit_weight,DECIMAL(11,2),YES,NO,,单重,基础数据表
bas_material,unit_volume,DECIMAL(11,2),YES,NO,,单容积,基础数据表
bas_material,weight_unit,VARCHAR(20),YES,NO,,重量单位,基础数据表
bas_material,volume_unit,VARCHAR(20),YES,NO,,体积单位,基础数据表
bas_material,inventory_category,VARCHAR(20),YES,NO,,库存分类,基础数据表
bas_material,unit_code,VARCHAR(20),YES,NO,,单位编码,基础数据表
bas_material,customer_id,INTEGER,YES,NO,,关联客户ID,基础数据表
bas_material,is_active,BOOLEAN,NO,NO,true,是否生效,基础数据表
bas_material,effective_date,DATE,NO,NO,,生效日期,基础数据表
bas_material,expiry_date,DATE,NO,NO,,失效日期,基础数据表
bas_material,created_at,DATETIME,YES,NO,,创建时间,基础数据表
bas_material,updated_at,DATETIME,YES,NO,,更新时间,基础数据表
bas_customer,customer_id,INTEGER,NO,YES,auto_increment,主键,基础数据表
bas_customer,customer_code,VARCHAR(50),NO,NO,,客户编码,基础数据表
bas_customer,customer_name,VARCHAR(200),NO,NO,,客户名称,基础数据表
bas_customer,short_name,VARCHAR(100),YES,NO,,客户简称,基础数据表
bas_customer,customer_category,VARCHAR(50),YES,NO,,客户分类,基础数据表
bas_customer,customer_type,VARCHAR(50),YES,NO,,客户类型,基础数据表
bas_customer,contact_person,VARCHAR(50),YES,NO,,联系人,基础数据表
bas_customer,phone,VARCHAR(50),YES,NO,,联系电话,基础数据表
bas_customer,email,VARCHAR(100),YES,NO,,邮箱,基础数据表
bas_customer,address,VARCHAR(300),YES,NO,,联系地址,基础数据表
bas_customer,status,TINYINT,NO,NO,1,状态(1启用/0停用),基础数据表
bas_customer,effective_date,DATE,YES,NO,,生效日期,基础数据表
bas_customer,expiry_date,DATE,YES,NO,,失效日期,基础数据表
bas_customer,credit_level,VARCHAR(20),YES,NO,,信用等级,基础数据表
bas_customer,tax_id,VARCHAR(50),YES,NO,,纳税人识别号,基础数据表
bas_customer,bank_account,VARCHAR(50),YES,NO,,银行账号,基础数据表
bas_customer,bank_name,VARCHAR(100),YES,NO,,开户银行,基础数据表
bas_customer,remark,VARCHAR(500),YES,NO,,备注,基础数据表
bas_customer,sort_order,INTEGER,YES,NO,0,排序号,基础数据表
bas_customer,created_by,VARCHAR(50),YES,NO,,创建人,基础数据表
bas_customer,created_at,DATETIME,YES,NO,,创建时间,基础数据表
bas_customer,updated_at,DATETIME,YES,NO,,更新时间,基础数据表
master_production_line,line_id,INTEGER,NO,YES,auto_increment,主键,基础数据表
master_production_line,line_code,VARCHAR(50),NO,NO,,产线编码,基础数据表
master_production_line,line_name,VARCHAR(100),NO,NO,,产线名称,基础数据表
master_production_line,workshop,VARCHAR(50),YES,NO,,所属车间,基础数据表
master_production_line,line_leader,VARCHAR(50),YES,NO,,负责人,基础数据表
master_production_line,sort_order,INTEGER,YES,NO,0,排序号,基础数据表
master_production_line,status,TINYINT,YES,NO,1,状态(1运行/2维护/0停用),基础数据表
master_production_line,created_at,DATETIME,YES,NO,,创建时间,基础数据表
master_production_line,updated_at,DATETIME,YES,NO,,更新时间,基础数据表
master_process,process_id,INTEGER,NO,YES,auto_increment,主键,基础数据表
master_process,process_code,VARCHAR(30),NO,NO,,工序编码,基础数据表
master_process,process_name,VARCHAR(50),NO,NO,,工序名称,基础数据表
master_process,sort_order,INTEGER,YES,NO,0,排序号,基础数据表
master_process,has_material,TINYINT,YES,NO,0,是否引入物料,基础数据表
master_process,status,TINYINT,YES,NO,1,状态(1启用/0停用),基础数据表
master_process,created_at,DATETIME,YES,NO,,创建时间,基础数据表
master_process,updated_at,DATETIME,YES,NO,,更新时间,基础数据表
bas_line_process,id,INTEGER,NO,YES,auto_increment,主键,基础数据表
bas_line_process,line_id,INTEGER,NO,NO,,产线ID,基础数据表
bas_line_process,process_id,INTEGER,NO,NO,,工序ID,基础数据表
bas_line_process,sort_order,INTEGER,YES,NO,0,排序号,基础数据表
bas_line_process,status,TINYINT,NO,NO,1,状态,基础数据表
bas_line_process,created_at,DATETIME,YES,NO,,创建时间,基础数据表
bas_line_process,updated_at,DATETIME,YES,NO,,更新时间,基础数据表
master_device,device_id,INTEGER,NO,YES,auto_increment,主键,基础数据表
master_device,device_code,VARCHAR(50),NO,NO,,设备编码,基础数据表
master_device,device_name,VARCHAR(100),NO,NO,,设备名称,基础数据表
master_device,device_type,VARCHAR(50),YES,NO,,设备类型,基础数据表
master_device,device_model,VARCHAR(100),YES,NO,,设备型号,基础数据表
master_device,serial_no,VARCHAR(100),YES,NO,,出厂编号,基础数据表
master_device,location,VARCHAR(100),YES,NO,,安装位置,基础数据表
master_device,line_id,INTEGER,YES,NO,,产线ID,基础数据表
master_device,responsible_person,VARCHAR(50),YES,NO,,负责人,基础数据表
master_device,is_special,BOOLEAN,YES,NO,false,是否特种设备,基础数据表
master_device,status,TINYINT,YES,NO,1,状态(1运行/0停用/2维修),基础数据表
master_device,last_inspection_date,DATE,YES,NO,,上次检定日期,基础数据表
master_device,inspection_cycle,VARCHAR(50),YES,NO,,检定周期,基础数据表
master_device,next_inspection_date,DATE,YES,NO,,下次检定日期,基础数据表
master_device,manufacturer,VARCHAR(100),YES,NO,,制造商,基础数据表
master_device,purchase_date,DATE,YES,NO,,购置日期,基础数据表
master_device,warranty_end,DATE,YES,NO,,保修截止,基础数据表
master_device,created_at,DATETIME,YES,NO,,创建时间,基础数据表
master_device,updated_at,DATETIME,YES,NO,,更新时间,基础数据表
bas_line_device,id,INTEGER,NO,YES,auto_increment,主键,基础数据表
bas_line_device,line_id,INTEGER,NO,NO,,产线ID,基础数据表
bas_line_device,device_id,INTEGER,NO,NO,,设备ID,基础数据表
bas_line_device,process_id,INTEGER,YES,NO,,工序ID,基础数据表
bas_line_device,sort_order,INTEGER,YES,NO,0,排序号,基础数据表
bas_line_device,created_at,DATETIME,YES,NO,,创建时间,基础数据表
bas_line_device,updated_at,DATETIME,YES,NO,,更新时间,基础数据表
master_defect_type,defect_id,INTEGER,NO,YES,auto_increment,主键,基础数据表
master_defect_type,defect_code,VARCHAR(50),NO,NO,,不良编码,基础数据表
master_defect_type,defect_name,VARCHAR(100),NO,NO,,不良名称,基础数据表
master_defect_type,defect_type,VARCHAR(50),YES,NO,,不良类型,基础数据表
master_defect_type,category_name,VARCHAR(50),YES,NO,,分类名称,基础数据表
master_defect_type,parent_id,INTEGER,YES,NO,0,上级分类ID,基础数据表
master_defect_type,defect_unit,VARCHAR(20),YES,NO,,默认单位,基础数据表
master_defect_type,available_units,VARCHAR(255),YES,NO,,可选单位,基础数据表
master_defect_type,display,BOOLEAN,YES,NO,true,是否显示,基础数据表
master_defect_type,sort_order,INTEGER,YES,NO,0,排序号,基础数据表
master_defect_type,status,TINYINT,YES,NO,1,状态(1启用/0停用),基础数据表
master_defect_type,related_processes,VARCHAR(255),YES,NO,,关联工序,基础数据表
master_defect_type,category_desc,VARCHAR(500),YES,NO,,不良描述,基础数据表
master_defect_type,created_at,DATETIME,YES,NO,,创建时间,基础数据表
master_defect_type,updated_at,DATETIME,YES,NO,,更新时间,基础数据表
master_defect_image,image_id,INTEGER,NO,YES,auto_increment,主键,基础数据表
master_defect_image,defect_id,INTEGER,NO,NO,,关联不良项ID,基础数据表
master_defect_image,image_url,VARCHAR(255),NO,NO,,图片访问路径,基础数据表
master_defect_image,image_name,VARCHAR(255),NO,NO,,图片文件名,基础数据表
master_defect_image,sort_order,INTEGER,YES,NO,0,排序号,基础数据表
master_defect_image,file_hash,VARCHAR(64),YES,NO,,文件MD5哈希值,基础数据表
master_defect_image,created_at,DATETIME,YES,NO,,创建时间,基础数据表
master_defect_image,updated_at,DATETIME,YES,NO,,更新时间,基础数据表
production_order,order_id,INTEGER,NO,YES,auto_increment,主键,业务表
production_order,order_no,VARCHAR(50),NO,NO,,订单编号,业务表
production_order,material_id,UUID,YES,NO,,料品ID,业务表
production_order,material_code,VARCHAR(50),YES,NO,,料品编码,业务表
production_order,material_name,VARCHAR(100),YES,NO,,料品名称,业务表
production_order,specification,VARCHAR(200),YES,NO,,规格型号,业务表
production_order,film_version,VARCHAR(50),YES,NO,,菲林版本,业务表
production_order,version_no,VARCHAR(50),YES,NO,,版本号,业务表
production_order,planned_qty,DECIMAL(12,2),YES,NO,0,计划数量,业务表
production_order,finished_qty,DECIMAL(12,2),YES,NO,0,完工数量,业务表
production_order,plan_start_time,DATETIME,YES,NO,,计划开始时间,业务表
production_order,plan_end_time,DATETIME,YES,NO,,计划完成时间,业务表
production_order,status,TINYINT,YES,NO,0,状态(0开立/1下发/2完工),业务表
production_order,release_time,DATETIME,YES,NO,,下发时间,业务表
production_order,close_time,DATETIME,YES,NO,,关闭时间,业务表
production_order,created_by,VARCHAR(50),YES,NO,,创建人,业务表
production_order,created_at,DATETIME,YES,NO,,创建时间,业务表
production_order,updated_at,DATETIME,YES,NO,,更新时间,业务表
production_work_order,work_order_id,INTEGER,NO,YES,auto_increment,主键,业务表
production_work_order,work_order_no,VARCHAR(50),NO,NO,,工单编号,业务表
production_work_order,order_id,INTEGER,YES,NO,,生产订单ID,业务表
production_work_order,order_no,VARCHAR(50),YES,NO,,订单编号,业务表
production_work_order,line_id,INTEGER,YES,NO,,产线ID,业务表
production_work_order,line_name,VARCHAR(100),YES,NO,,产线名称,业务表
production_work_order,material_id,UUID,YES,NO,,料品ID,业务表
production_work_order,material_name,VARCHAR(100),YES,NO,,料品名称,业务表
production_work_order,target_qty,DECIMAL(12,2),YES,NO,0,目标数量,业务表
production_work_order,planned_qty,DECIMAL(12,2),YES,NO,0,计划数量,业务表
production_work_order,finished_qty,DECIMAL(12,2),YES,NO,0,完工数量,业务表
production_work_order,start_qty,DECIMAL(12,2),YES,NO,0,开工数量,业务表
production_work_order,qualified_qty,DECIMAL(12,2),YES,NO,0,合格数量,业务表
production_work_order,defect_material,DECIMAL(12,2),YES,NO,0,来料不良,业务表
production_work_order,defect_process,DECIMAL(12,2),YES,NO,0,制程不良,业务表
production_work_order,defect_scrap,DECIMAL(12,2),YES,NO,0,检验报废,业务表
production_work_order,plan_start_time,DATETIME,YES,NO,,计划开始时间,业务表
production_work_order,plan_end_time,DATETIME,YES,NO,,计划完成时间,业务表
production_work_order,start_time,DATETIME,YES,NO,,开工时间,业务表
production_work_order,finish_time,DATETIME,YES,NO,,完工时间,业务表
production_work_order,total_hours,DECIMAL(10,2),YES,NO,0,总工时,业务表
production_work_order,effective_hours,DECIMAL(10,2),YES,NO,0,有效工时,业务表
production_work_order,labor_hours,DECIMAL(10,2),YES,NO,0,人工工时,业务表
production_work_order,status,TINYINT,YES,NO,0,状态(0开立/1开工/2关闭),业务表
production_work_order,report_status,TINYINT,YES,NO,0,报工状态(0开始/1结束),业务表
production_work_order,created_by,VARCHAR(50),YES,NO,,创建人,业务表
production_work_order,remarks,VARCHAR(500),YES,NO,,备注,业务表
production_work_order,created_at,DATETIME,YES,NO,,创建时间,业务表
production_work_order,updated_at,DATETIME,YES,NO,,更新时间,业务表
production_work_order_process,id,INTEGER,NO,YES,auto_increment,主键,业务表
production_work_order_process,work_order_id,INTEGER,NO,NO,,生产工单ID(外键),业务表
production_work_order_process,process_id,INTEGER,NO,NO,,工序ID(外键),业务表
production_work_order_process,process_code,VARCHAR(30),NO,NO,,工序编码,业务表
production_work_order_process,process_name,VARCHAR(50),NO,NO,,工序名称,业务表
production_work_order_process,has_material,TINYINT,YES,NO,0,是否引入物料(0否/1是),业务表
production_work_order_process,sort_order,INTEGER,YES,NO,0,工序顺序,业务表
production_work_order_process,created_at,DATETIME,YES,NO,,创建时间,业务表
production_work_order_process,updated_at,DATETIME,YES,NO,,更新时间,业务表
production_process_report,report_id,INTEGER,NO,YES,auto_increment,主键,业务表
production_process_report,report_no,VARCHAR(50),NO,NO,,报工单号,业务表
production_process_report,work_order_id,INTEGER,YES,NO,,工单ID,业务表
production_process_report,work_order_no,VARCHAR(50),YES,NO,,工单编号,业务表
production_process_report,report_count,INTEGER,YES,NO,0,报工次数,业务表
production_process_report,process_id,INTEGER,YES,NO,,工序ID,业务表
production_process_report,process_name,VARCHAR(100),YES,NO,,工序名称,业务表
production_process_report,input_qty,DECIMAL(12,2),YES,NO,0,投入数量,业务表
production_process_report,defect_material,DECIMAL(12,2),YES,NO,0,来料不良,业务表
production_process_report,defect_process,DECIMAL(12,2),YES,NO,0,制程不良,业务表
production_process_report,defect_scrap,DECIMAL(12,2),YES,NO,0,检验报废,业务表
production_process_report,output_qty,DECIMAL(12,2),YES,NO,0,产出数量,业务表
production_process_report,device_id,INTEGER,YES,NO,,设备ID,业务表
production_process_report,device_name,VARCHAR(100),YES,NO,,设备名称,业务表
production_process_report,report_user,VARCHAR(50),YES,NO,,报工人,业务表
production_process_report,report_user_name,VARCHAR(50),YES,NO,,报工人姓名,业务表
production_process_report,report_time,DATETIME,YES,NO,,报工时间,业务表
production_process_report,report_start_time,DATETIME,YES,NO,,报工开始时间,业务表
production_process_report,report_end_time,DATETIME,YES,NO,,报工结束时间,业务表
production_process_report,status,TINYINT,YES,NO,0,状态(0开始/1结束),业务表
production_process_report,line_id,INTEGER,YES,NO,,产线ID,业务表
production_process_report,line_name,VARCHAR(100),YES,NO,,产线名称,业务表
production_process_report,material_id,UUID,YES,NO,,料品ID,业务表
production_process_report,material_code,VARCHAR(50),YES,NO,,料品编码,业务表
production_process_report,material_name,VARCHAR(100),YES,NO,,料品名称,业务表
production_process_report,specification,VARCHAR(200),YES,NO,,规格型号,业务表
production_process_report,unit,VARCHAR(20),YES,NO,,单位,业务表
production_process_report,planned_qty,DECIMAL(12,2),YES,NO,0,计划数量,业务表
production_process_report,report_date,DATE,YES,NO,,报工日期,业务表
production_process_report,shift,VARCHAR(20),YES,NO,,班次,业务表
production_process_report,team,VARCHAR(50),YES,NO,,班组,业务表
production_process_report,created_at,DATETIME,YES,NO,,创建时间,业务表
production_process_defect,defect_id,INTEGER,NO,YES,auto_increment,主键,业务表
production_process_defect,report_id,INTEGER,YES,NO,,报工单ID,业务表
production_process_defect,work_order_id,INTEGER,YES,NO,,生产工单ID,业务表
production_process_defect,process_id,INTEGER,YES,NO,,工序ID,业务表
production_process_defect,defect_type_id,INTEGER,YES,NO,,不良分类ID,业务表
production_process_defect,quantity,DECIMAL(12,2),YES,NO,0,数量,业务表
production_process_defect,unit,VARCHAR(20),YES,NO,,单位,业务表
production_process_defect,defect_images,TEXT,YES,NO,,不良图片(JSON数组),业务表
production_process_defect,record_time,DATETIME,YES,NO,,记录时间,业务表
production_process_material,material_id,INTEGER,NO,YES,auto_increment,主键,业务表
production_process_material,report_id,INTEGER,YES,NO,,报工单ID,业务表
production_process_material,work_order_id,INTEGER,YES,NO,,生产工单ID,业务表
production_process_material,process_id,INTEGER,YES,NO,,工序ID,业务表
production_process_material,material_type,VARCHAR(100),YES,NO,,物料类型,业务表
production_process_material,bas_material_id,VARCHAR,YES,NO,,关联基础料品表,业务表
production_process_material,material_batch,VARCHAR(100),YES,NO,,物料批次,业务表
production_process_material,package_no,VARCHAR(100),YES,NO,,包号,业务表
production_process_material,quantity,DECIMAL(12,2),YES,NO,0,数量,业务表
production_process_material,label_images,TEXT,YES,NO,,标签图片(JSON),业务表
production_process_material,record_time,DATETIME,YES,NO,,记录时间,业务表
production_manpower_record,record_id,INTEGER,NO,YES,auto_increment,主键,业务表
production_manpower_record,report_id,INTEGER,YES,NO,,报工单ID,业务表
production_manpower_record,work_order_id,INTEGER,YES,NO,,工单ID,业务表
production_manpower_record,work_order_no,VARCHAR(50),YES,NO,,工单编号,业务表
production_manpower_record,record_date,DATE,YES,NO,,记录日期,业务表
production_manpower_record,shift,VARCHAR(20),YES,NO,,班次,业务表
production_manpower_record,start_time,DATETIME,YES,NO,,开始时间,业务表
production_manpower_record,end_time,DATETIME,YES,NO,,结束时间,业务表
production_manpower_record,hours,DECIMAL(10,2),YES,NO,0,工时,业务表
production_manpower_record,skilled_count,INTEGER,YES,NO,0,熟练工人数,业务表
production_manpower_record,general_count,INTEGER,YES,NO,0,一般工人数,业务表
production_manpower_record,labor_count,INTEGER,YES,NO,0,普工人数,业务表
production_manpower_record,other_count,INTEGER,YES,NO,0,其他人数,业务表
production_manpower_record,total_people,INTEGER,YES,NO,0,总人数,业务表
production_manpower_record,man_hours,DECIMAL(10,2),YES,NO,0,人时,业务表
production_manpower_record,remarks,VARCHAR(500),YES,NO,,备注,业务表
production_manpower_record,record_user,VARCHAR(50),YES,NO,,记录人,业务表
production_manpower_record,record_user_name,VARCHAR(50),YES,NO,,记录人姓名,业务表
production_manpower_record,created_at,DATETIME,YES,NO,,创建时间,业务表
production_process_exception,exception_id,INTEGER,NO,YES,auto_increment,主键,业务表
production_process_exception,report_id,INTEGER,YES,NO,,报工单ID,业务表
production_process_exception,work_order_id,INTEGER,YES,NO,,工单ID,业务表
production_process_exception,work_order_no,VARCHAR(50),YES,NO,,工单编号,业务表
production_process_exception,exception_type,VARCHAR(50),YES,NO,,异常类型,业务表
production_process_exception,device_id,INTEGER,YES,NO,,设备ID,业务表
production_process_exception,device_code,VARCHAR(50),YES,NO,,设备编码,业务表
production_process_exception,device_name,VARCHAR(100),YES,NO,,设备名称,业务表
production_process_exception,stop_type,VARCHAR(100),YES,NO,,停机类型,业务表
production_process_exception,confirm_user,VARCHAR(50),YES,NO,,确认人,业务表
production_process_exception,confirm_user_name,VARCHAR(50),YES,NO,,确认人姓名,业务表
production_process_exception,start_time,DATETIME,YES,NO,,开始时间,业务表
production_process_exception,end_time,DATETIME,YES,NO,,恢复时间,业务表
production_process_exception,duration,DECIMAL(10,2),YES,NO,0,持续时长(小时),业务表
production_process_exception,description,VARCHAR(500),YES,NO,,异常描述,业务表
production_process_exception,exception_images,TEXT,YES,NO,,异常图片(JSON),业务表
production_process_exception,record_user,VARCHAR(50),YES,NO,,记录人,业务表
production_process_exception,record_user_name,VARCHAR(50),YES,NO,,记录人姓名,业务表
production_process_exception,created_at,DATETIME,YES,NO,,创建时间,业务表
production_report_exception_image,image_id,INTEGER,NO,YES,auto_increment,主键,业务表
production_report_exception_image,report_id,INTEGER,NO,NO,,报工单ID,业务表
production_report_exception_image,image_url,VARCHAR(500),NO,NO,,图片路径,业务表
production_report_exception_image,created_at,DATETIME,YES,NO,,创建时间,业务表
